subset,trade_date,window,variant,sample_count,available_count,mean_return_pct,median_return_pct,std_pct,win_rate_pct
all,20240131,5,close,15,15,-3.6710137780846415,0.1945525291829009,9.845869345195924,53.333333333333336
all,20240131,5,t1,15,15,-1.8712003382525075,1.5094339622641284,9.344478104355545,60.0
all,20240131,5,t1_net,15,15,-2.031200338252507,1.3494339622641285,9.344478104355545,60.0
all,20240131,5,excess_csi300,15,15,-5.784522694216796,-2.40388839370016,9.344478104355545,20.0
all,20240131,5,excess_csi1000,15,15,-2.8690376140489837,0.5115966864676524,9.344478104355545,53.333333333333336
all,20240131,10,close,15,15,1.3791752602719929,2.535657686212356,9.49018646743047,66.66666666666666
all,20240131,10,t1,15,15,3.291935726860737,4.2857142857142705,9.121061128681292,80.0
all,20240131,10,t1_net,15,15,3.131935726860737,4.12571428571427,9.121061128681292,80.0
all,20240131,10,excess_csi300,15,15,-5.066919632084025,-4.073141073230492,9.121061128681292,6.666666666666667
all,20240131,10,excess_csi1000,15,15,-5.151283653121843,-4.157505094268309,9.121061128681292,6.666666666666667
all,20240131,20,close,15,15,6.427500378226367,2.5490196078431726,15.794618748930684,66.66666666666666
all,20240131,20,t1,15,15,8.446488064753357,3.6977491961414977,15.781264525219774,73.33333333333333
all,20240131,20,t1_net,15,15,8.286488064753359,3.5377491961414975,15.781264525219775,73.33333333333333
all,20240131,20,excess_csi300,15,15,-1.2501133297348908,-5.99885219834675,15.781264525219774,26.666666666666668
all,20240131,20,excess_csi1000,15,15,-3.1910075385522685,-7.939746407164128,15.781264525219774,26.666666666666668
all,20240229,5,close,15,15,1.5627793165776256,0.2858776443682043,4.889863684015857,53.333333333333336
all,20240229,5,t1,15,15,1.4935590065507458,-0.05698005698007158,4.989350583214057,46.666666666666664
all,20240229,5,t1_net,15,15,1.3335590065507459,-0.21698005698007158,4.989350583214057,46.666666666666664
all,20240229,5,excess_csi300,15,15,1.72207083075083,0.1715317672200123,4.989350583214057,53.333333333333336
all,20240229,5,excess_csi1000,15,15,3.319991935435515,1.7694528719046976,4.989350583214057,73.33333333333333
all,20240229,10,close,15,15,3.6132209178111827,2.148760330578514,6.273182374179943,73.33333333333333
all,20240229,10,t1,15,15,3.548466425484731,2.105896510228611,6.452937829397134,73.33333333333333
all,20240229,10,t1_net,15,15,3.3884664254847316,1.945896510228611,6.452937829397134,73.33333333333333
all,20240229,10,excess_csi300,15,15,2.8582331231178704,1.4156632078617504,6.452937829397134,66.66666666666666
all,20240229,10,excess_csi1000,15,15,1.9803870057119146,0.5378170904557944,6.452937829397134,53.333333333333336
all,20240229,20,close,15,15,6.280946581958133,1.220865704772467,13.524397892004595,53.333333333333336
all,20240229,20,t1,15,15,6.236308138646219,2.127659574468077,13.82622382850174,53.333333333333336
all,20240229,20,t1_net,15,15,6.076308138646221,1.9676595744680772,13.826223828501744,53.333333333333336
all,20240229,20,excess_csi300,15,15,6.71228139640574,2.603632832227598,13.82622382850174,53.333333333333336
all,20240229,20,excess_csi1000,15,15,6.601049364732547,2.4924008005544063,13.826223828501742,53.333333333333336
all,20240329,5,close,15,15,0.5030316024596891,1.8987341772152,6.174109995497457,53.333333333333336
all,20240329,5,t1,15,15,0.3228929938959652,1.5801354401805856,5.968339496904818,53.333333333333336
all,20240329,5,t1_net,15,15,0.16289299389596507,1.4201354401805857,5.968339496904818,53.333333333333336
all,20240329,5,excess_csi300,15,15,2.0516363025403743,3.308878748824995,5.968339496904818,60.0
all,20240329,5,excess_csi1000,15,15,1.9444777533363187,3.201720199620939,5.968339496904818,60.0
all,20240329,10,close,15,15,-8.592060336283874,-8.720271800679491,9.894854130740345,20.0
all,20240329,10,t1,15,15,-8.758296824507568,-9.029345372460472,9.727596249780142,20.0
all,20240329,10,t1_net,15,15,-8.918296824507568,-9.189345372460473,9.727596249780142,20.0
all,20240329,10,excess_csi300,15,15,-6.407342756885899,-6.6783913048388035,9.727596249780142,26.666666666666668
all,20240329,10,excess_csi1000,15,15,0.09924709252855811,-0.17180145542434744,9.727596249780142,46.666666666666664
all,20240329,20,close,15,15,-3.497443009672595,-1.6011644832605532,6.752943702785174,26.666666666666668
all,20240329,20,t1,15,15,-3.662305146702047,-1.744186046511631,6.687730908561971,20.0
all,20240329,20,t1_net,15,15,-3.8223051467020466,-1.904186046511631,6.687730908561971,20.0
all,20240329,20,excess_csi300,15,15,-3.905591013561158,-1.987471913370742,6.687730908561971,20.0
all,20240329,20,excess_csi1000,15,15,-2.55374636755544,-0.6356272673650243,6.687730908561971,40.0
all,20240430,5,close,15,15,3.7339184466134134,2.9548989113530544,3.5259853946164617,93.33333333333333
all,20240430,5,t1,15,15,2.366522146027791,1.847575057736739,3.390835753260692,73.33333333333333
all,20240430,5,t1_net,15,15,2.20652214602779,1.687575057736739,3.390835753260692,73.33333333333333
all,20240430,5,excess_csi300,15,15,2.136869790605319,1.6179227023142673,3.390835753260692,73.33333333333333
all,20240430,5,excess_csi1000,15,15,2.9481258781539137,2.4291787898628625,3.390835753260692,80.0
all,20240430,10,close,15,15,4.412245779284203,2.114330462020364,6.115055796459148,80.0
all,20240430,10,t1,15,15,3.035068283694355,1.0382255781028693,5.9698041839907905,60.0
all,20240430,10,t1_net,15,15,2.875068283694355,0.8782255781028693,5.9698041839907905,60.0
all,20240430,10,excess_csi300,15,15,2.485763272948628,0.48892056735714284,5.9698041839907905,53.333333333333336
all,20240430,10,excess_csi1000,15,15,3.812878735839111,1.8160360302476253,5.9698041839907905,73.33333333333333
all,20240430,20,close,15,15,2.733181502932382,1.4507253626813599,9.791168982673375,60.0
all,20240430,20,t1,15,15,1.3924421308696557,0.5786080343858524,9.758493570095691,53.333333333333336
all,20240430,20,t1_net,15,15,1.2324421308696556,0.41860803438585237,9.758493570095691,53.333333333333336
all,20240430,20,excess_csi300,15,15,3.5235145095531624,2.7096804130693597,9.758493570095691,60.0
all,20240430,20,excess_csi1000,15,15,5.88038236445856,5.066548267974757,9.758493570095691,73.33333333333333
all,20240531,5,close,15,15,-1.2706610197179595,-1.3961605584642323,4.944302376193495,40.0
all,20240531,5,t1,15,15,-1.1818139155127476,-1.9664545980335402,4.58739742943692,33.33333333333333
all,20240531,5,t1_net,15,15,-1.3418139155127478,-2.1264545980335403,4.58739742943692,33.33333333333333
all,20240531,5,excess_csi300,15,15,-0.7740394276780919,-1.5586801101988845,4.587397429436919,33.33333333333333
all,20240531,5,excess_csi1000,15,15,1.297774223933928,0.5131335414131355,4.58739742943692,66.66666666666666
all,20240531,10,close,15,15,-1.2109504867626464,-0.10881392818280489,8.439527624314625,46.666666666666664
all,20240531,10,t1,15,15,-1.1417907506630074,0.879120879120876,7.970921269239039,53.333333333333336
all,20240531,10,t1_net,15,15,-1.3017907506630073,0.719120879120876,7.970921269239039,53.333333333333336
all,20240531,10,excess_csi300,15,15,0.3224997374718157,2.343411367255699,7.970921269239039,60.0
all,20240531,10,excess_csi1000,15,15,0.762901193716903,2.7838128235007864,7.970921269239039,60.0
all,20240531,20,close,15,15,-1.8904564349084538,-3.3112304238862245,11.358164989258333,40.0
all,20240531,20,t1,15,15,-1.7904066903192584,-2.1039603960395947,11.313539557440468,40.0
all,20240531,20,t1_net,15,15,-1.9504066903192583,-2.263960396039595,11.313539557440468,40.0
all,20240531,20,excess_csi300,15,15,1.2904892309689593,0.9769355252486234,11.313539557440468,53.333333333333336
all,20240531,20,excess_csi1000,15,15,4.726169059749308,4.41261535402897,11.313539557440468,60.0
all,20240628,5,close,15,15,-1.230362318031369,-1.4965713660499258,3.687561897338079,46.666666666666664
all,20240628,5,t1,15,15,-1.106641262264996,-1.1907752094252322,3.8189620461318774,46.666666666666664
all,20240628,5,t1_net,15,15,-1.2666412622649958,-1.350775209425232,3.8189620461318774,46.666666666666664
all,20240628,5,excess_csi300,15,15,0.24815243502985804,0.1640184878696216,3.818962046131877,60.0
all,20240628,5,excess_csi1000,15,15,1.5137377871959121,1.4296038400356759,3.8189620461318774,73.33333333333333
all,20240628,10,close,15,15,1.4916647118612196,1.6678248783877692,6.106717548023958,73.33333333333333
all,20240628,10,t1,15,15,1.6095266623477853,1.4647137150466172,6.0446704788135355,73.33333333333333
all,20240628,10,t1_net,15,15,1.4495266623477852,1.3047137150466173,6.0446704788135355,73.33333333333333
all,20240628,10,excess_csi300,15,15,1.7757427728470916,1.6309298255459237,6.0446704788135355,73.33333333333333
all,20240628,10,excess_csi1000,15,15,2.8691316727935043,2.7243187254923362,6.0446704788135355,73.33333333333333
all,20240628,20,close,15,15,-0.7493489639385414,-1.3953488372092981,5.088312427240991,33.33333333333333
all,20240628,20,t1,15,15,-0.6334794701934412,-1.374867379539757,5.016360937488719,33.33333333333333
all,20240628,20,t1_net,15,15,-0.7934794701934412,-1.534867379539757,5.016360937488719,33.33333333333333
all,20240628,20,excess_csi300,15,15,1.3471410417767917,0.6057531324304755,5.016360937488719,53.333333333333336
all,20240628,20,excess_csi1000,15,15,4.187475740731118,3.446087831384803,5.016360937488718,80.0
all,20240731,5,close,15,15,-5.389385102276233,-6.873905429071813,3.318018654094546,0.0
all,20240731,5,t1,15,15,-5.53435040792832,-6.36363636363636,3.630443029141089,6.666666666666667
all,20240731,5,t1_net,15,15,-5.6943504079283205,-6.52363636363636,3.630443029141089,6.666666666666667
all,20240731,5,excess_csi300,15,15,-3.2596637836095312,-4.08894973931757,3.6304430291410887,26.666666666666668
all,20240731,5,excess_csi1000,15,15,-2.769467064608563,-3.5987530203166025,3.6304430291410887,33.33333333333333
all,20240731,10,close,15,15,-6.385746526978338,-6.463620981387475,3.6299151148447115,0.0
all,20240731,10,t1,15,15,-6.535092491649605,-6.400270910938022,3.763641318765127,0.0
all,20240731,10,t1_net,15,15,-6.695092491649606,-6.560270910938022,3.763641318765127,0.0
all,20240731,10,excess_csi300,15,15,-3.3172182258640692,-3.1823966451524854,3.7636413187651274,26.666666666666668
all,20240731,10,excess_csi1000,15,15,-1.8406063716185899,-1.705784790907006,3.7636413187651274,33.33333333333333
all,20240731,20,close,15,15,-8.711480104447743,-9.41404566996985,5.018177951457953,6.666666666666667
all,20240731,20,t1,15,15,-8.859037118415607,-9.879982854693537,5.073890864274847,6.666666666666667
all,20240731,20,t1_net,15,15,-9.019037118415607,-10.039982854693537,5.073890864274847,6.666666666666667
all,20240731,20,excess_csi300,15,15,-4.976011442675681,-5.996957178953611,5.073890864274847,20.0
all,20240731,20,excess_csi1000,15,15,-0.5008012697399858,-1.5217470060179163,5.073890864274847,33.33333333333333
all,20240830,5,close,15,15,-3.168185985862813,-3.9735099337748325,4.200960189131664,26.666666666666668
all,20240830,5,t1,15,15,-2.8572333930868297,-3.3333333333333437,4.283050481633402,33.33333333333333
all,20240830,5,t1_net,15,15,-3.0172333930868307,-3.493333333333344,4.283050481633403,33.33333333333333
all,20240830,5,excess_csi300,15,15,-1.82614038911226,-2.3022403293587734,4.283050481633403,33.33333333333333
all,20240830,5,excess_csi1000,15,15,-2.321407197715583,-2.7975071379620964,4.283050481633402,33.33333333333333
all,20240830,10,close,15,15,-4.7994064525589275,-6.381798002219751,4.744201093651025,26.666666666666668
all,20240830,10,t1,15,15,-4.48908864561831,-6.364477335800178,4.925482253194459,20.0
all,20240830,10,t1_net,15,15,-4.649088645618309,-6.524477335800178,4.925482253194459,20.0
all,20240830,10,excess_csi300,15,15,-1.2497733722547582,-3.1251620624366256,4.925482253194461,33.33333333333333
all,20240830,10,excess_csi1000,15,15,-1.856393262073485,-3.7317819522553526,4.92548225319446,33.33333333333333
all,20240830,20,close,15,15,21.96787438560411,22.257335837238166,8.99554282088777,100.0
all,20240830,20,t1,15,15,22.361506410668635,22.134882576183234,9.110046775608017,100.0
all,20240830,20,t1_net,15,15,22.201506410668635,21.974882576183234,9.11004677560802,100.0
all,20240830,20,excess_csi300,15,15,-7.993221337568657,-8.219845172054054,9.110046775608021,20.0
all,20240830,20,excess_csi1000,15,15,-14.471710559734856,-14.698334394220257,9.11004677560802,6.666666666666667
all,20240930,5,close,15,15,-3.3173787822512386,-3.579545454545474,7.276509683626724,26.666666666666668
all,20240930,5,t1,15,15,-11.976158447651505,-12.345041322314042,6.50902294177186,6.666666666666667
all,20240930,5,t1_net,15,15,-12.136158447651503,-12.505041322314042,6.5090229417718595,6.666666666666667
all,20240930,5,excess_csi300,15,15,-5.050708783238372,-5.419591657900912,6.50902294177186,20.0
all,20240930,5,excess_csi1000,15,15,-2.523877247505508,-2.8927601221680472,6.5090229417718595,33.33333333333333
all,20240930,10,close,15,15,-2.4933926194822083,-2.668283808368699,9.106698118620747,33.33333333333333
all,20240930,10,t1,15,15,-11.213890215444666,-11.44730576916081,8.328766183873423,13.333333333333334
all,20240930,10,t1_net,15,15,-11.373890215444666,-11.60730576916081,8.328766183873423,13.333333333333334
all,20240930,10,excess_csi300,15,15,-3.6741452256580187,-3.9075607793741645,8.328766183873423,26.666666666666668
all,20240930,10,excess_csi1000,15,15,-5.708970774647535,-5.94238632836368,8.328766183873423,20.0
all,20240930,20,close,15,15,-1.754083522033598,-1.1573081868838209,9.263977018108367,40.0
all,20240930,20,t1,15,15,-10.540949118486786,-10.13250194855807,8.469785575297049,6.666666666666667
all,20240930,20,t1_net,15,15,-10.700949118486786,-10.29250194855807,8.469785575297049,6.666666666666667
all,20240930,20,excess_csi300,15,15,-3.2259288423943415,-2.817481672465627,8.469785575297049,40.0
all,20240930,20,excess_csi1000,15,15,-8.140527472863447,-7.73208030293473,8.469785575297049,6.666666666666667
all,20241031,5,close,15,15,10.149515254983756,12.624113475177312,10.630024394423478,80.0
all,20241031,5,t1,15,15,9.32853797955656,7.504670957027182,9.55491419864339,80.0
all,20241031,5,t1_net,15,15,9.16853797955656,7.344670957027182,9.55491419864339,80.0
all,20241031,5,excess_csi300,15,15,2.7559527413767086,0.9320857188473308,9.55491419864339,53.333333333333336
all,20241031,5,excess_csi1000,15,15,1.340897563673336,-0.4829694588560418,9.55491419864339,46.666666666666664
all,20241031,10,close,15,15,7.978583429980036,6.5311715003425475,14.943879629770347,66.66666666666666
all,20241031,10,t1,15,15,7.188894353195369,1.0857142857142899,14.127732450628148,60.0
all,20241031,10,t1_net,15,15,7.028894353195367,0.9257142857142898,14.127732450628148,60.0
all,20241031,10,excess_csi300,15,15,3.3431869156275,-2.759993151853579,14.12773245062815,46.666666666666664
all,20241031,10,excess_csi1000,15,15,1.4225228897117908,-4.680657177769287,14.127732450628148,46.666666666666664
all,20241031,20,close,15,15,4.812617060686273,0.6965060516099575,15.195076480696128,53.333333333333336
all,20241031,20,t1,15,15,4.103624402487475,-2.1287642782969796,15.068377757855272,46.666666666666664
all,20241031,20,t1_net,15,15,3.943624402487473,-2.2887642782969797,15.068377757855274,46.666666666666664
all,20241031,20,excess_csi300,15,15,4.552717174574043,-1.6796715062104117,15.068377757855272,46.666666666666664
all,20241031,20,excess_csi1000,15,15,1.4755096402300134,-4.75687904055444,15.068377757855272,40.0
all,20241129,5,close,15,15,1.5660425636787803,-0.1242236024844634,6.064785719332979,46.666666666666664
all,20241129,5,t1,15,15,1.2550725317731026,-0.33783783783785104,5.971506523981288,46.666666666666664
all,20241129,5,t1_net,15,15,1.095072531773103,-0.49783783783785107,5.971506523981288,46.666666666666664
all,20241129,5,excess_csi300,15,15,0.6089003455105526,-0.9840100241004013,5.971506523981288,46.666666666666664
all,20241129,5,excess_csi1000,15,15,0.684663318669785,-0.9082470509411689,5.971506523981288,46.666666666666664
all,20241129,10,close,15,15,6.973961618810531,3.438661710037172,11.720466324246082,60.0
all,20241129,10,t1,15,15,6.638770285900344,3.470715835141003,11.557279618495935,66.66666666666666
all,20241129,10,t1_net,15,15,6.478770285900344,3.3107158351410026,11.557279618495935,66.66666666666666
all,20241129,10,excess_csi300,15,15,7.004842908677746,3.8367884579184053,11.557279618495935,66.66666666666666
all,20241129,10,excess_csi1000,15,15,5.983351039626929,2.8152965888675885,11.557279618495935,60.0
all,20241129,20,close,15,15,-2.655054662256534,-3.0856534846604,5.93895239818642,33.33333333333333
all,20241129,20,t1,15,15,-2.961526060892903,-4.385964912280704,5.73587610359508,33.33333333333333
all,20241129,20,t1_net,15,15,-3.1215260608929034,-4.545964912280704,5.73587610359508,33.33333333333333
all,20241129,20,excess_csi300,15,15,-3.807569967721091,-5.2320088191088905,5.73587610359508,26.666666666666668
all,20241129,20,excess_csi1000,15,15,-0.7117442127112502,-2.1361830640990505,5.73587610359508,40.0
all,20241231,5,close,15,15,-1.72467264701423,-1.155624036979963,10.98134064918572,40.0
all,20241231,5,t1,15,15,-1.3523309500413496,-1.3076923076922986,10.432328021680288,46.666666666666664
all,20241231,5,t1_net,15,15,-1.5123309500413498,-1.4676923076922985,10.432328021680288,46.666666666666664
all,20241231,5,excess_csi300,15,15,-0.5361876358627533,-0.49154899351370185,10.432328021680288,46.666666666666664
all,20241231,5,excess_csi1000,15,15,0.9817663874326776,1.0264050297817295,10.432328021680288,53.333333333333336
all,20241231,10,close,15,15,-4.90574765614646,-0.8403361344537785,10.467433228315283,40.0
all,20241231,10,t1,15,15,-4.528667253923529,-2.359108781127117,10.113723851941378,40.0
all,20241231,10,t1_net,15,15,-4.688667253923529,-2.5191087811271173,10.113723851941378,40.0
all,20241231,10,excess_csi300,15,15,-3.8907960724290094,-1.7212375996325968,10.113723851941378,40.0
all,20241231,10,excess_csi1000,15,15,-4.157479231797251,-1.9879207590008385,10.113723851941378,40.0
all,20241231,20,close,15,15,-6.272767141396981,-4.682539682539688,11.129858015452516,33.33333333333333
all,20241231,20,t1,15,15,-5.891967994962692,-4.4817927170868295,10.92498277756759,33.33333333333333
all,20241231,20,t1_net,15,15,-6.051967994962691,-4.64179271708683,10.92498277756759,33.33333333333333
all,20241231,20,excess_csi300,15,15,-6.479242316739656,-5.069067038863794,10.92498277756759,33.33333333333333
all,20241231,20,excess_csi1000,15,15,-10.113823136396608,-8.703647858520746,10.92498277756759,20.0
all,20250127,5,close,15,15,8.23407428489379,6.167706167706166,9.338843930128094,86.66666666666667
all,20250127,5,t1,15,15,7.015711688309592,7.291666666666674,8.726517275275366,86.66666666666667
all,20250127,5,t1_net,15,15,6.855711688309591,7.131666666666674,8.726517275275368,80.0
all,20250127,5,excess_csi300,15,15,4.695594888811462,4.971549867168545,8.726517275275366,66.66666666666666
all,20250127,5,excess_csi1000,15,15,1.766359854779666,2.042314833136749,8.726517275275366,53.333333333333336
all,20250127,10,close,15,15,4.324984899656452,0.7531380753138084,10.563181393793323,53.333333333333336
all,20250127,10,t1,15,15,3.177787498111124,0.7531380753138084,10.382295817504682,53.333333333333336
all,20250127,10,t1_net,15,15,3.0177874981111246,0.5931380753138084,10.38229581750468,53.333333333333336
all,20250127,10,excess_csi300,15,15,0.07645758843426004,-2.348191834363056,10.382295817504682,46.666666666666664
all,20250127,10,excess_csi1000,15,15,-1.254826805679881,-3.6794762284771965,10.38229581750468,40.0
all,20250127,20,close,15,15,7.805347518470341,4.36241610738255,13.852755079029832,66.66666666666666
all,20250127,20,t1,15,15,6.663669330506914,2.8487229862475427,14.084594141997538,66.66666666666666
all,20250127,20,t1_net,15,15,6.503669330506915,2.6887229862475426,14.084594141997538,66.66666666666666
all,20250127,20,excess_csi300,15,15,4.288597237256196,0.47365089299682417,14.084594141997538,53.333333333333336
all,20250127,20,excess_csi1000,15,15,-1.4328406276213363,-5.247786971880709,14.084594141997538,26.666666666666668
all,20250228,5,close,15,15,3.588715245589481,3.45679012345681,4.711909253784967,80.0
all,20250228,5,t1,15,15,4.00342221819744,1.9314641744548222,5.829877098417547,73.33333333333333
all,20250228,5,t1_net,15,15,3.8434222181974396,1.7714641744548223,5.829877098417547,73.33333333333333
all,20250228,5,excess_csi300,15,15,2.575085475900252,0.5031274321576351,5.829877098417546,53.333333333333336
all,20250228,5,excess_csi1000,15,15,0.2720400490463187,-1.7999179946962984,5.829877098417546,40.0
all,20250228,10,close,15,15,5.37432402883035,4.342581423401715,7.9730807075264005,73.33333333333333
all,20250228,10,t1,15,15,5.727760017893399,4.504504504504503,7.722561660937007,80.0
all,20250228,10,t1_net,15,15,5.5677600178934,4.344504504504503,7.722561660937007,80.0
all,20250228,10,excess_csi300,15,15,2.6910184562040844,1.4677629428151873,7.722561660937007,66.66666666666666
all,20250228,10,excess_csi1000,15,15,0.9857062480576576,-0.23754926533123832,7.722561660937007,46.666666666666664
all,20250228,20,close,15,15,-0.2483287647891745,-2.8846153846153966,9.163822721855365,33.33333333333333
all,20250228,20,t1,15,15,0.08207694010825245,-2.5723472668810365,8.93850194022546,33.33333333333333
all,20250228,20,t1_net,15,15,-0.07792305989174769,-2.7323472668810367,8.93850194022546,33.33333333333333
all,20250228,20,excess_csi300,15,15,-0.6043723295254961,-3.2587965365147853,8.938501940225462,33.33333333333333
all,20250228,20,excess_csi1000,15,15,0.16733007081569345,-2.4870941361735954,8.93850194022546,33.33333333333333
all,20250331,5,close,15,15,-9.540427387661113,-8.34898412156393,9.529452677210724,20.0
all,20250331,5,t1,15,15,-9.587170460484826,-8.364629566404913,9.457258813430837,20.0
all,20250331,5,t1_net,15,15,-9.747170460484824,-8.524629566404913,9.457258813430837,20.0
all,20250331,5,excess_csi300,15,15,-3.4929227308403283,-2.270381836760416,9.457258813430839,33.33333333333333
all,20250331,5,excess_csi1000,15,15,2.0665844386012635,3.2891253326811754,9.457258813430839,60.0
all,20250331,10,close,15,15,-4.101934204976812,-3.714285714285692,8.321112200094504,33.33333333333333
all,20250331,10,t1,15,15,-4.1488620678046875,-3.824200913241993,8.266389472861949,33.33333333333333
all,20250331,10,t1_net,15,15,-4.308862067804687,-3.984200913241993,8.266389472861949,33.33333333333333
all,20250331,10,excess_csi300,15,15,-0.896300986517246,-0.5716398319545513,8.266389472861949,40.0
all,20250331,10,excess_csi1000,15,15,1.3700466958860227,1.6947078504487174,8.266389472861949,60.0
all,20250331,20,close,15,15,-1.1635264631925182,-3.835755322744183,12.70018221209102,33.33333333333333
all,20250331,20,t1,15,15,-1.2108753959610363,-3.0989272943980906,12.66743577567876,33.33333333333333
all,20250331,20,t1_net,15,15,-1.3708753959610358,-3.2589272943980907,12.66743577567876,33.33333333333333
all,20250331,20,excess_csi300,15,15,1.6856408101782407,-0.2024110882588137,12.66743577567876,40.0
all,20250331,20,excess_csi1000,15,15,4.478133656191159,2.5900817577541035,12.66743577567876,60.0
all,20250430,5,close,15,15,2.3340053419726847,1.477832512315258,2.687390734323112,86.66666666666667
all,20250430,5,t1,15,15,1.9587977014173275,1.477832512315258,2.5535169087932537,86.66666666666667
all,20250430,5,t1_net,15,15,1.7987977014173273,1.317832512315258,2.5535169087932537,86.66666666666667
all,20250430,5,excess_csi300,15,15,-0.19602142308553283,-0.6769866121876023,2.5535169087932537,40.0
all,20250430,5,excess_csi1000,15,15,0.9012960826435901,0.42033089354152064,2.5535169087932537,60.0
all,20250430,10,close,15,15,4.795396994261365,3.5026269702276513,5.9115916339908905,86.66666666666667
all,20250430,10,t1,15,15,4.3958706627213076,3.141361256544495,5.483624740104177,86.66666666666667
all,20250430,10,t1_net,15,15,4.235870662721307,2.9813612565444947,5.483624740104177,86.66666666666667
all,20250430,10,excess_csi300,15,15,2.5945804893468374,1.3400710831700247,5.483624740104177,66.66666666666666
all,20250430,10,excess_csi1000,15,15,4.520158665676472,3.265649259499659,5.483624740104177,86.66666666666667
all,20250430,20,close,15,15,7.171584130196738,3.1004999768840413,13.051541466938694,86.66666666666667
all,20250430,20,t1,15,15,6.785339096105793,3.536977491961424,13.034951466811927,86.66666666666667
all,20250430,20,t1_net,15,15,6.625339096105795,3.3769774919614237,13.034951466811929,80.0
all,20250430,20,excess_csi300,15,15,5.6439496763634605,2.3955880722190903,13.034951466811927,73.33333333333333
all,20250430,20,excess_csi1000,15,15,7.324184250298407,4.075822646154037,13.034951466811929,86.66666666666667
all,20250530,5,close,15,15,4.76886322106546,2.58302583025829,7.089661112390066,80.0
all,20250530,5,t1,15,15,5.588617293610661,3.0902348578492056,7.5271946670939975,80.0
all,20250530,5,t1_net,15,15,5.42861729361066,2.9302348578492055,7.5271946670939975,80.0
all,20250530,5,excess_csi300,15,15,4.725868320846379,2.2274858850849233,7.5271946670939975,73.33333333333333
all,20250530,5,excess_csi1000,15,15,3.135141229017431,0.636758793255976,7.5271946670939975,66.66666666666666
all,20250530,10,close,15,15,4.8703470599506185,4.002624671916011,9.80503702696136,73.33333333333333
all,20250530,10,t1,15,15,5.669113917242989,2.3405972558514954,9.943438478776335,80.0
all,20250530,10,t1_net,15,15,5.509113917242989,2.180597255851495,9.943438478776335,80.0
all,20250530,10,excess_csi300,15,15,5.103632915583783,1.7751162541922882,9.943438478776335,80.0
all,20250530,10,excess_csi1000,15,15,4.393615884018547,1.0650992226270528,9.943438478776335,80.0
all,20250530,20,close,15,15,7.710334726459165,4.126984126984112,12.269113812410422,80.0
all,20250530,20,t1,15,15,8.558702200327058,4.697156983930806,12.667226466651908,80.0
all,20250530,20,t1_net,15,15,8.398702200327058,4.537156983930806,12.66722646665191,80.0
all,20250530,20,excess_csi300,15,15,6.376300257571273,2.514755041175021,12.667226466651908,80.0
all,20250530,20,excess_csi1000,15,15,3.844653349750079,-0.016891866646173703,12.667226466651908,46.666666666666664
all,20250630,5,close,15,15,1.3389070827340495,0.5698005698005604,4.858706192512277,53.333333333333336
all,20250630,5,t1,15,15,1.3983080302896818,0.0,5.14772029713395,46.666666666666664
all,20250630,5,t1_net,15,15,1.2383080302896814,-0.16,5.147720297133949,46.666666666666664
all,20250630,5,excess_csi300,15,15,0.8298588061163866,-0.5684492241732952,5.14772029713395,46.666666666666664
all,20250630,5,excess_csi1000,15,15,2.129883147733154,0.7315751174434726,5.14772029713395,66.66666666666666
all,20250630,10,close,15,15,2.70376886116339,2.4346257889990897,7.504794023835788,60.0
all,20250630,10,t1,15,15,2.7642855525493752,2.25022502250225,7.719477002760056,60.0
all,20250630,10,t1_net,15,15,2.6042855525493755,2.09022502250225,7.7194770027600565,60.0
all,20250630,10,excess_csi300,15,15,0.864454926201644,0.3503943961545186,7.719477002760055,53.333333333333336
all,20250630,10,excess_csi1000,15,15,1.375198259301683,0.8611377292545574,7.7194770027600565,53.333333333333336
all,20250630,20,close,15,15,8.649281174628616,6.620689655172418,15.945533045868492,66.66666666666666
all,20250630,20,t1,15,15,8.735276181946043,6.620689655172418,16.215336185111955,73.33333333333333
all,20250630,20,t1_net,15,15,8.575276181946043,6.460689655172418,16.215336185111955,73.33333333333333
all,20250630,20,excess_csi300,15,15,3.838652951834781,1.7240664250611548,16.215336185111955,60.0
all,20250630,20,excess_csi1000,15,15,3.1465709515594726,1.0319844247858478,16.215336185111955,60.0
all,20250731,5,close,15,15,1.137934034650303,0.9720534629404698,2.6711734673455214,66.66666666666666
all,20250731,5,t1,15,15,1.3408115744625193,1.0042283298097088,2.268909734953599,73.33333333333333
all,20250731,5,t1_net,15,15,1.1808115744625192,0.8442283298097087,2.268909734953599,73.33333333333333
all,20250731,5,excess_csi300,15,15,-0.13239315718182046,-0.46897640183463096,2.2689097349535996,40.0
all,20250731,5,excess_csi1000,15,15,-1.5327137173009375,-1.869296961953748,2.268909734953599,26.666666666666668
all,20250731,10,close,15,15,2.575699389752779,3.262839879154078,3.8626633106145833,73.33333333333333
all,20250731,10,t1,15,15,2.785677062176839,3.0759951749095293,3.7215940839318957,80.0
all,20250731,10,t1_net,15,15,2.6256770621768393,2.915995174909529,3.7215940839318957,80.0
all,20250731,10,excess_csi300,15,15,-0.1338441348178622,0.1564739779148283,3.7215940839318957,53.333333333333336
all,20250731,10,excess_csi1000,15,15,-1.8019368278147652,-1.5116187150820748,3.7215940839318957,33.33333333333333
all,20250731,20,close,15,15,8.62799902531696,7.411907654921013,8.513438250265851,86.66666666666667
all,20250731,20,t1,15,15,8.837660271864078,7.5052854122621415,8.272302125008341,86.66666666666667
all,20250731,20,t1_net,15,15,8.677660271864077,7.345285412262141,8.272302125008341,86.66666666666667
all,20250731,20,excess_csi300,15,15,-1.2452151701350713,-2.5775900297370082,8.272302125008341,40.0
all,20250731,20,excess_csi1000,15,15,-2.805265446136086,-4.137640305738023,8.272302125008341,33.33333333333333
all,20250829,5,close,15,15,-0.27079900665075923,-2.570093457943934,9.320195152631207,40.0
all,20250829,5,t1,15,15,-0.8320478103198117,-2.3419203747072515,9.141985621525512,40.0
all,20250829,5,t1_net,15,15,-0.9920478103198117,-2.5019203747072516,9.141985621525512,40.0
all,20250829,5,excess_csi300,15,15,0.5691513069271095,-0.9407212574603308,9.141985621525512,40.0
all,20250829,5,excess_csi1000,15,15,2.573848057650154,1.0639754932627143,9.141985621525514,53.333333333333336
all,20250829,10,close,15,15,0.16036736168551158,-1.1682242990654124,8.492134319958756,46.666666666666664
all,20250829,10,t1,15,15,-0.43580518720070766,-0.9367681498828717,7.750837784484448,46.666666666666664
all,20250829,10,t1_net,15,15,-0.5958051872007079,-1.0967681498828716,7.750837784484448,40.0
all,20250829,10,excess_csi300,15,15,-0.39793583696743073,-0.8988987996495945,7.750837784484448,46.666666666666664
all,20250829,10,excess_csi1000,15,15,0.6075537342593613,0.10659077157719743,7.750837784484448,53.333333333333336
all,20250829,20,close,15,15,-2.518845190147347,-5.853658536585371,12.878596892388428,26.666666666666668
all,20250829,20,t1,15,15,-3.146844590167015,-5.853658536585371,11.77752759504663,20.0
all,20250829,20,t1_net,15,15,-3.3068445901670156,-6.013658536585371,11.777527595046632,20.0
all,20250829,20,excess_csi300,15,15,-3.7290568362142795,-6.435870782632636,11.777527595046632,20.0
all,20250829,20,excess_csi1000,15,15,-1.7662706319105226,-4.473084578328878,11.77752759504663,33.33333333333333
all,20250930,5,close,15,15,-1.125828553507456,-4.333605887162739,10.982016397211343,33.33333333333333
all,20250930,5,t1,15,15,-2.6287163816769006,-6.174819566960721,8.392216229754103,13.333333333333334
all,20250930,5,t1_net,15,15,-2.7887163816769003,-6.3348195669607215,8.392216229754103,13.333333333333334
all,20250930,5,excess_csi300,15,15,-0.4375178592067055,-3.9836210444905267,8.392216229754103,40.0
all,20250930,5,excess_csi1000,15,15,-0.4764912981742544,-4.022594483458075,8.392216229754103,40.0
all,20250930,10,close,15,15,-4.820909683031528,-7.578558225508325,11.11620140513448,20.0
all,20250930,10,t1,15,15,-6.2673850927828125,-9.27773465618602,8.726389518657413,20.0
all,20250930,10,t1_net,15,15,-6.427385092782812,-9.43773465618602,8.726389518657411,20.0
all,20250930,10,excess_csi300,15,15,-3.7849040046291567,-6.795253568032366,8.726389518657411,26.666666666666668
all,20250930,10,excess_csi1000,15,15,-1.8761716592658837,-4.886521222669092,8.726389518657411,33.33333333333333
all,20250930,20,close,15,15,-1.3346599892444582,-4.835359388710147,15.12486508071414,40.0
all,20250930,20,t1,15,15,-2.8649560801453613,-5.417406120277668,12.951607271731891,40.0
all,20250930,20,t1_net,15,15,-3.0249560801453614,-5.577406120277669,12.951607271731891,40.0
all,20250930,20,excess_csi300,15,15,-1.1190103476847535,-3.671460387817061,12.951607271731891,40.0
all,20250930,20,excess_csi1000,15,15,-0.46971749109961664,-3.0221675312319234,12.951607271731891,40.0
all,20251031,5,close,15,15,1.4184223448844284,1.4760147601475815,3.2105195431662827,73.33333333333333
all,20251031,5,t1,15,15,1.3894104125117457,1.3885250196489451,2.962989024477932,73.33333333333333
all,20251031,5,t1_net,15,15,1.229410412511745,1.2285250196489452,2.962989024477932,73.33333333333333
all,20251031,5,excess_csi300,15,15,0.8437538018267708,0.8428684089639704,2.962989024477932,73.33333333333333
all,20251031,5,excess_csi1000,15,15,1.33952793389089,1.33864254102809,2.962989024477932,73.33333333333333
all,20251031,10,close,15,15,0.455658482153554,-0.9592239057998109,7.611079056906129,40.0
all,20251031,10,t1,15,15,0.419910765887219,-1.1146496815286566,7.395278778505874,40.0
all,20251031,10,t1_net,15,15,0.25991076588721884,-1.2746496815286565,7.395278778505874,40.0
all,20251031,10,excess_csi300,15,15,0.9628038075125885,-0.571756639903287,7.395278778505874,40.0
all,20251031,10,excess_csi1000,15,15,0.8890079720890153,-0.6455524753268604,7.395278778505874,40.0
all,20251031,20,close,15,15,-4.443908994284669,-4.870384917517678,7.07719214926158,26.666666666666668
all,20251031,20,t1,15,15,-4.470712163251491,-4.820539690856707,6.99466715015167,26.666666666666668
all,20251031,20,t1_net,15,15,-4.630712163251491,-4.980539690856707,6.99466715015167,26.666666666666668
all,20251031,20,excess_csi300,15,15,-1.7470880660639538,-2.096915593669169,6.9946671501516695,26.666666666666668
all,20251031,20,excess_csi1000,15,15,-1.7656854522069916,-2.1155129798122068,6.9946671501516695,26.666666666666668
all,20251128,5,close,15,15,3.097143811616568,0.7505773672055405,6.419947322768543,60.0
all,20251128,5,t1,15,15,2.5343565203046214,0.765367137048556,5.90982172787987,53.333333333333336
all,20251128,5,t1_net,15,15,2.3743565203046217,0.6053671370485559,5.90982172787987,53.333333333333336
all,20251128,5,excess_csi300,15,15,2.3584311333657966,0.5894417501097315,5.909821727879869,53.333333333333336
all,20251128,5,excess_csi1000,15,15,3.1325778243216535,1.3635884410655885,5.909821727879869,53.333333333333336
all,20251128,10,close,15,15,2.6444441163989203,-1.3095238095238049,10.180595094107849,46.666666666666664
all,20251128,10,t1,15,15,2.0988940502771665,-0.8610380291796282,10.058185339896433,40.0
all,20251128,10,t1_net,15,15,1.9388940502771665,-1.0210380291796282,10.058185339896433,40.0
all,20251128,10,excess_csi300,15,15,2.0013432134516456,-0.95858886600515,10.058185339896433,40.0
all,20251128,10,excess_csi1000,15,15,2.3119735075722625,-0.6479585718845327,10.058185339896433,40.0
all,20251128,20,close,15,15,3.862146868384841,1.7825311942958777,10.913608329199674,53.333333333333336
all,20251128,20,t1,15,15,3.2581626247858866,2.103120759837185,10.168829291553967,53.333333333333336
all,20251128,20,t1_net,15,15,3.0981626247858864,1.943120759837185,10.168829291553967,53.333333333333336
all,20251128,20,excess_csi300,15,15,1.4936121146739347,0.3385702497252341,10.168829291553966,53.333333333333336
all,20251128,20,excess_csi1000,15,15,0.2954139012759411,-0.85962796367276,10.168829291553966,33.33333333333333
all,20251231,5,close,15,15,6.4355799674147125,6.862745098039236,9.264399719862723,66.66666666666666
all,20251231,5,t1,15,15,5.826182264749483,5.439093484419266,9.08068925934182,66.66666666666666
all,20251231,5,t1_net,15,15,5.666182264749482,5.279093484419266,9.080689259341822,66.66666666666666
all,20251231,5,excess_csi300,15,15,4.9533840552148085,4.566295274884591,9.08068925934182,66.66666666666666
all,20251231,5,excess_csi1000,15,15,0.9859848410080834,0.598896060677867,9.080689259341822,53.333333333333336
all,20251231,10,close,15,15,6.503748033560149,6.5274151436031325,9.023062853209447,80.0
all,20251231,10,t1,15,15,5.896151653291302,5.813953488372103,8.856366605424654,80.0
all,20251231,10,t1_net,15,15,5.7361516532913,5.653953488372103,8.856366605424654,80.0
all,20251231,10,excess_csi300,15,15,5.596705670011635,5.514507505092436,8.856366605424654,80.0
all,20251231,10,excess_csi1000,15,15,-0.27945720317798184,-0.36165536809718013,8.856366605424654,40.0
all,20251231,20,close,15,15,6.398079811918114,3.7254901960784625,9.407174809957803,66.66666666666666
all,20251231,20,t1,15,15,5.7662806910737885,2.6061411670808887,8.879693134502558,66.66666666666666
all,20251231,20,t1_net,15,15,5.606280691073789,2.4461411670808886,8.879693134502558,66.66666666666666
all,20251231,20,excess_csi300,15,15,6.008040224657806,2.847900700664907,8.879693134502558,66.66666666666666
all,20251231,20,excess_csi1000,15,15,-0.6947465623786897,-3.8548860863715895,8.879693134502558,46.666666666666664
tier1_only,20240131,5,close,15,15,-3.6710137780846415,0.1945525291829009,9.845869345195924,53.333333333333336
tier1_only,20240131,5,t1,15,15,-1.8712003382525075,1.5094339622641284,9.344478104355545,60.0
tier1_only,20240131,5,t1_net,15,15,-2.031200338252507,1.3494339622641285,9.344478104355545,60.0
tier1_only,20240131,5,excess_csi300,15,15,-5.784522694216796,-2.40388839370016,9.344478104355545,20.0
tier1_only,20240131,5,excess_csi1000,15,15,-2.8690376140489837,0.5115966864676524,9.344478104355545,53.333333333333336
tier1_only,20240131,10,close,15,15,1.3791752602719929,2.535657686212356,9.49018646743047,66.66666666666666
tier1_only,20240131,10,t1,15,15,3.291935726860737,4.2857142857142705,9.121061128681292,80.0
tier1_only,20240131,10,t1_net,15,15,3.131935726860737,4.12571428571427,9.121061128681292,80.0
tier1_only,20240131,10,excess_csi300,15,15,-5.066919632084025,-4.073141073230492,9.121061128681292,6.666666666666667
tier1_only,20240131,10,excess_csi1000,15,15,-5.151283653121843,-4.157505094268309,9.121061128681292,6.666666666666667
tier1_only,20240131,20,close,15,15,6.427500378226367,2.5490196078431726,15.794618748930684,66.66666666666666
tier1_only,20240131,20,t1,15,15,8.446488064753357,3.6977491961414977,15.781264525219774,73.33333333333333
tier1_only,20240131,20,t1_net,15,15,8.286488064753359,3.5377491961414975,15.781264525219775,73.33333333333333
tier1_only,20240131,20,excess_csi300,15,15,-1.2501133297348908,-5.99885219834675,15.781264525219774,26.666666666666668
tier1_only,20240131,20,excess_csi1000,15,15,-3.1910075385522685,-7.939746407164128,15.781264525219774,26.666666666666668
tier1_only,20240229,5,close,15,15,1.5627793165776256,0.2858776443682043,4.889863684015857,53.333333333333336
tier1_only,20240229,5,t1,15,15,1.4935590065507458,-0.05698005698007158,4.989350583214057,46.666666666666664
tier1_only,20240229,5,t1_net,15,15,1.3335590065507459,-0.21698005698007158,4.989350583214057,46.666666666666664
tier1_only,20240229,5,excess_csi300,15,15,1.72207083075083,0.1715317672200123,4.989350583214057,53.333333333333336
tier1_only,20240229,5,excess_csi1000,15,15,3.319991935435515,1.7694528719046976,4.989350583214057,73.33333333333333
tier1_only,20240229,10,close,15,15,3.6132209178111827,2.148760330578514,6.273182374179943,73.33333333333333
tier1_only,20240229,10,t1,15,15,3.548466425484731,2.105896510228611,6.452937829397134,73.33333333333333
tier1_only,20240229,10,t1_net,15,15,3.3884664254847316,1.945896510228611,6.452937829397134,73.33333333333333
tier1_only,20240229,10,excess_csi300,15,15,2.8582331231178704,1.4156632078617504,6.452937829397134,66.66666666666666
tier1_only,20240229,10,excess_csi1000,15,15,1.9803870057119146,0.5378170904557944,6.452937829397134,53.333333333333336
tier1_only,20240229,20,close,15,15,6.280946581958133,1.220865704772467,13.524397892004595,53.333333333333336
tier1_only,20240229,20,t1,15,15,6.236308138646219,2.127659574468077,13.82622382850174,53.333333333333336
tier1_only,20240229,20,t1_net,15,15,6.076308138646221,1.9676595744680772,13.826223828501744,53.333333333333336
tier1_only,20240229,20,excess_csi300,15,15,6.71228139640574,2.603632832227598,13.82622382850174,53.333333333333336
tier1_only,20240229,20,excess_csi1000,15,15,6.601049364732547,2.4924008005544063,13.826223828501742,53.333333333333336
tier1_only,20240329,5,close,15,15,0.5030316024596891,1.8987341772152,6.174109995497457,53.333333333333336
tier1_only,20240329,5,t1,15,15,0.3228929938959652,1.5801354401805856,5.968339496904818,53.333333333333336
tier1_only,20240329,5,t1_net,15,15,0.16289299389596507,1.4201354401805857,5.968339496904818,53.333333333333336
tier1_only,20240329,5,excess_csi300,15,15,2.0516363025403743,3.308878748824995,5.968339496904818,60.0
tier1_only,20240329,5,excess_csi1000,15,15,1.9444777533363187,3.201720199620939,5.968339496904818,60.0
tier1_only,20240329,10,close,15,15,-8.592060336283874,-8.720271800679491,9.894854130740345,20.0
tier1_only,20240329,10,t1,15,15,-8.758296824507568,-9.029345372460472,9.727596249780142,20.0
tier1_only,20240329,10,t1_net,15,15,-8.918296824507568,-9.189345372460473,9.727596249780142,20.0
tier1_only,20240329,10,excess_csi300,15,15,-6.407342756885899,-6.6783913048388035,9.727596249780142,26.666666666666668
tier1_only,20240329,10,excess_csi1000,15,15,0.09924709252855811,-0.17180145542434744,9.727596249780142,46.666666666666664
tier1_only,20240329,20,close,15,15,-3.497443009672595,-1.6011644832605532,6.752943702785174,26.666666666666668
tier1_only,20240329,20,t1,15,15,-3.662305146702047,-1.744186046511631,6.687730908561971,20.0
tier1_only,20240329,20,t1_net,15,15,-3.8223051467020466,-1.904186046511631,6.687730908561971,20.0
tier1_only,20240329,20,excess_csi300,15,15,-3.905591013561158,-1.987471913370742,6.687730908561971,20.0
tier1_only,20240329,20,excess_csi1000,15,15,-2.55374636755544,-0.6356272673650243,6.687730908561971,40.0
tier1_only,20240430,5,close,3,3,2.0431796603691175,1.9176254794063707,0.8558771413857718,100.0
tier1_only,20240430,5,t1,3,3,0.4691977316552391,1.0414944618944988,1.1522337101400315,66.66666666666666
tier1_only,20240430,5,t1_net,3,3,0.3091977316552391,0.8814944618944988,1.1522337101400313,66.66666666666666
tier1_only,20240430,5,excess_csi300,3,3,0.23954537623276742,0.8118421064720271,1.1522337101400315,66.66666666666666
tier1_only,20240430,5,excess_csi1000,3,3,1.0508014637813627,1.6230981940206224,1.1522337101400315,66.66666666666666
tier1_only,20240430,10,close,3,3,0.961599625882518,1.077441077441077,2.150188498102094,66.66666666666666
tier1_only,20240430,10,t1,3,3,-0.5908395317699489,-1.032967032967036,2.564171856962285,33.33333333333333
tier1_only,20240430,10,t1_net,3,3,-0.750839531769949,-1.1929670329670359,2.564171856962285,33.33333333333333
tier1_only,20240430,10,excess_csi300,3,3,-1.1401445425156753,-1.5822720437127624,2.564171856962285,33.33333333333333
tier1_only,20240430,10,excess_csi1000,3,3,0.18697092037480711,-0.25515658082228,2.564171856962285,33.33333333333333
tier1_only,20240430,20,close,3,3,-2.7883673829849136,-1.7396184062850595,4.849280967488138,33.33333333333333
tier1_only,20240430,20,t1,3,3,-4.278309556423506,-3.791208791208789,5.117882757005498,33.33333333333333
tier1_only,20240430,20,t1_net,3,3,-4.438309556423506,-3.951208791208789,5.117882757005498,33.33333333333333
tier1_only,20240430,20,excess_csi300,3,3,-2.1472371777399983,-1.6601364125252815,5.117882757005498,33.33333333333333
tier1_only,20240430,20,excess_csi1000,3,3,0.20963067716539907,0.6967314423801159,5.117882757005498,66.66666666666666
tier1_only,20240531,5,close,15,15,-1.2706610197179595,-1.3961605584642323,4.944302376193495,40.0
tier1_only,20240531,5,t1,15,15,-1.1818139155127476,-1.9664545980335402,4.58739742943692,33.33333333333333
tier1_only,20240531,5,t1_net,15,15,-1.3418139155127478,-2.1264545980335403,4.58739742943692,33.33333333333333
tier1_only,20240531,5,excess_csi300,15,15,-0.7740394276780919,-1.5586801101988845,4.587397429436919,33.33333333333333
tier1_only,20240531,5,excess_csi1000,15,15,1.297774223933928,0.5131335414131355,4.58739742943692,66.66666666666666
tier1_only,20240531,10,close,15,15,-1.2109504867626464,-0.10881392818280489,8.439527624314625,46.666666666666664
tier1_only,20240531,10,t1,15,15,-1.1417907506630074,0.879120879120876,7.970921269239039,53.333333333333336
tier1_only,20240531,10,t1_net,15,15,-1.3017907506630073,0.719120879120876,7.970921269239039,53.333333333333336
tier1_only,20240531,10,excess_csi300,15,15,0.3224997374718157,2.343411367255699,7.970921269239039,60.0
tier1_only,20240531,10,excess_csi1000,15,15,0.762901193716903,2.7838128235007864,7.970921269239039,60.0
tier1_only,20240531,20,close,15,15,-1.8904564349084538,-3.3112304238862245,11.358164989258333,40.0
tier1_only,20240531,20,t1,15,15,-1.7904066903192584,-2.1039603960395947,11.313539557440468,40.0
tier1_only,20240531,20,t1_net,15,15,-1.9504066903192583,-2.263960396039595,11.313539557440468,40.0
tier1_only,20240531,20,excess_csi300,15,15,1.2904892309689593,0.9769355252486234,11.313539557440468,53.333333333333336
tier1_only,20240531,20,excess_csi1000,15,15,4.726169059749308,4.41261535402897,11.313539557440468,60.0
tier1_only,20240628,5,close,15,15,-1.230362318031369,-1.4965713660499258,3.687561897338079,46.666666666666664
tier1_only,20240628,5,t1,15,15,-1.106641262264996,-1.1907752094252322,3.8189620461318774,46.666666666666664
tier1_only,20240628,5,t1_net,15,15,-1.2666412622649958,-1.350775209425232,3.8189620461318774,46.666666666666664
tier1_only,20240628,5,excess_csi300,15,15,0.24815243502985804,0.1640184878696216,3.818962046131877,60.0
tier1_only,20240628,5,excess_csi1000,15,15,1.5137377871959121,1.4296038400356759,3.8189620461318774,73.33333333333333
tier1_only,20240628,10,close,15,15,1.4916647118612196,1.6678248783877692,6.106717548023958,73.33333333333333
tier1_only,20240628,10,t1,15,15,1.6095266623477853,1.4647137150466172,6.0446704788135355,73.33333333333333
tier1_only,20240628,10,t1_net,15,15,1.4495266623477852,1.3047137150466173,6.0446704788135355,73.33333333333333
tier1_only,20240628,10,excess_csi300,15,15,1.7757427728470916,1.6309298255459237,6.0446704788135355,73.33333333333333
tier1_only,20240628,10,excess_csi1000,15,15,2.8691316727935043,2.7243187254923362,6.0446704788135355,73.33333333333333
tier1_only,20240628,20,close,15,15,-0.7493489639385414,-1.3953488372092981,5.088312427240991,33.33333333333333
tier1_only,20240628,20,t1,15,15,-0.6334794701934412,-1.374867379539757,5.016360937488719,33.33333333333333
tier1_only,20240628,20,t1_net,15,15,-0.7934794701934412,-1.534867379539757,5.016360937488719,33.33333333333333
tier1_only,20240628,20,excess_csi300,15,15,1.3471410417767917,0.6057531324304755,5.016360937488719,53.333333333333336
tier1_only,20240628,20,excess_csi1000,15,15,4.187475740731118,3.446087831384803,5.016360937488718,80.0
tier1_only,20240731,5,close,14,14,-5.121510831841704,-6.738839506988736,3.2706218868199843,0.0
tier1_only,20240731,5,t1,14,14,-5.228884386745221,-6.182197976728926,3.5618344377936513,7.142857142857142
tier1_only,20240731,5,t1_net,14,14,-5.38888438674522,-6.342197976728926,3.561834437793651,7.142857142857142
tier1_only,20240731,5,excess_csi300,14,14,-2.954197762426431,-3.907511352410136,3.561834437793651,28.57142857142857
tier1_only,20240731,5,excess_csi1000,14,14,-2.464001043425463,-3.4173146334091684,3.561834437793651,35.714285714285715
tier1_only,20240731,10,close,14,14,-6.223064661289574,-6.048711899144438,3.7097609356384535,0.0
tier1_only,20240731,10,t1,14,14,-6.334880422073074,-5.969521155368302,3.821921791853299,0.0
tier1_only,20240731,10,t1_net,14,14,-6.4948804220730745,-6.129521155368302,3.821921791853299,0.0
tier1_only,20240731,10,excess_csi300,14,14,-3.1170061562875375,-2.751646889582765,3.821921791853299,28.57142857142857
tier1_only,20240731,10,excess_csi1000,14,14,-1.6403943020420582,-1.2750350353372855,3.821921791853299,35.714285714285715
tier1_only,20240731,20,close,14,14,-8.145024562212383,-9.388812374997528,4.683575592148994,7.142857142857142
tier1_only,20240731,20,t1,14,14,-8.259133825793148,-9.582848570203906,4.6809394794302905,7.142857142857142
tier1_only,20240731,20,t1_net,14,14,-8.419133825793148,-9.742848570203906,4.6809394794302905,7.142857142857142
tier1_only,20240731,20,excess_csi300,14,14,-4.376108150053222,-5.6998228944639795,4.6809394794302905,21.428571428571427
tier1_only,20240731,20,excess_csi1000,14,14,0.09910202288247268,-1.2246127215282847,4.6809394794302905,35.714285714285715
tier1_only,20240830,5,close,15,15,-3.168185985862813,-3.9735099337748325,4.200960189131664,26.666666666666668
tier1_only,20240830,5,t1,15,15,-2.8572333930868297,-3.3333333333333437,4.283050481633402,33.33333333333333
tier1_only,20240830,5,t1_net,15,15,-3.0172333930868307,-3.493333333333344,4.283050481633403,33.33333333333333
tier1_only,20240830,5,excess_csi300,15,15,-1.82614038911226,-2.3022403293587734,4.283050481633403,33.33333333333333
tier1_only,20240830,5,excess_csi1000,15,15,-2.321407197715583,-2.7975071379620964,4.283050481633402,33.33333333333333
tier1_only,20240830,10,close,15,15,-4.7994064525589275,-6.381798002219751,4.744201093651025,26.666666666666668
tier1_only,20240830,10,t1,15,15,-4.48908864561831,-6.364477335800178,4.925482253194459,20.0
tier1_only,20240830,10,t1_net,15,15,-4.649088645618309,-6.524477335800178,4.925482253194459,20.0
tier1_only,20240830,10,excess_csi300,15,15,-1.2497733722547582,-3.1251620624366256,4.925482253194461,33.33333333333333
tier1_only,20240830,10,excess_csi1000,15,15,-1.856393262073485,-3.7317819522553526,4.92548225319446,33.33333333333333
tier1_only,20240830,20,close,15,15,21.96787438560411,22.257335837238166,8.99554282088777,100.0
tier1_only,20240830,20,t1,15,15,22.361506410668635,22.134882576183234,9.110046775608017,100.0
tier1_only,20240830,20,t1_net,15,15,22.201506410668635,21.974882576183234,9.11004677560802,100.0
tier1_only,20240830,20,excess_csi300,15,15,-7.993221337568657,-8.219845172054054,9.110046775608021,20.0
tier1_only,20240830,20,excess_csi1000,15,15,-14.471710559734856,-14.698334394220257,9.11004677560802,6.666666666666667
tier1_only,20241031,5,close,6,6,16.217337242065486,14.689578073215893,9.762580189835191,100.0
tier1_only,20241031,5,t1,6,6,15.657839657507294,14.76598722807575,8.018230222850075,100.0
tier1_only,20241031,5,t1_net,6,6,15.49783965750729,14.60598722807575,8.018230222850075,100.0
tier1_only,20241031,5,excess_csi300,6,6,9.085254419327441,8.193401989895898,8.018230222850075,83.33333333333334
tier1_only,20241031,5,excess_csi1000,6,6,7.6701992416240685,6.778346812192526,8.018230222850075,83.33333333333334
tier1_only,20241031,10,close,6,6,16.97173865921057,12.37115463696844,19.16167502720338,83.33333333333334
tier1_only,20241031,10,t1,6,6,16.30981196028785,12.81861330946692,17.259915717426406,83.33333333333334
tier1_only,20241031,10,t1_net,6,6,16.149811960287852,12.65861330946692,17.25991571742641,83.33333333333334
tier1_only,20241031,10,excess_csi300,6,6,12.464104522719984,8.972905871899052,17.25991571742641,83.33333333333334
tier1_only,20241031,10,excess_csi1000,6,6,10.543440496804275,7.052241845983344,17.25991571742641,83.33333333333334
tier1_only,20241031,20,close,6,6,13.071344665273955,8.385787100372433,17.90172367084066,66.66666666666666
tier1_only,20241031,20,t1,6,6,12.536113484838381,8.822692098777253,17.161273823766777,66.66666666666666
tier1_only,20241031,20,t1_net,6,6,12.37611348483838,8.662692098777253,17.161273823766777,66.66666666666666
tier1_only,20241031,20,excess_csi300,6,6,12.985206256924949,9.271784870863819,17.161273823766777,66.66666666666666
tier1_only,20241031,20,excess_csi1000,6,6,9.907998722580922,6.194577336519791,17.161273823766777,66.66666666666666
tier1_only,20241129,5,close,11,11,2.117471124345099,-0.1242236024844634,6.896245250542441,45.45454545454545
tier1_only,20241129,5,t1,11,11,1.6075936160504816,-0.33783783783785104,6.9071773804977274,45.45454545454545
tier1_only,20241129,5,t1_net,11,11,1.4475936160504819,-0.49783783783785107,6.9071773804977274,45.45454545454545
tier1_only,20241129,5,excess_csi300,11,11,0.9614214297879314,-0.9840100241004013,6.9071773804977274,45.45454545454545
tier1_only,20241129,5,excess_csi1000,11,11,1.0371844029471637,-0.9082470509411689,6.9071773804977274,45.45454545454545
tier1_only,20241129,10,close,11,11,9.185812828297543,5.698005698005715,12.978939481673361,72.72727272727273
tier1_only,20241129,10,t1,11,11,8.642715438594708,6.000000000000005,12.957373541380417,72.72727272727273
tier1_only,20241129,10,t1_net,11,11,8.48271543859471,5.840000000000005,12.957373541380417,72.72727272727273
tier1_only,20241129,10,excess_csi300,11,11,9.008788061372112,6.366072622777407,12.957373541380415,72.72727272727273
tier1_only,20241129,10,excess_csi1000,11,11,7.987296192321295,5.344580753726591,12.957373541380415,72.72727272727273
tier1_only,20241129,20,close,11,11,-2.478802809897977,-3.0856534846604,6.619017916529087,36.36363636363637
tier1_only,20241129,20,t1,11,11,-2.9791753356376294,-4.385964912280704,6.457621819521605,36.36363636363637
tier1_only,20241129,20,t1_net,11,11,-3.13917533563763,-4.545964912280704,6.457621819521605,36.36363636363637
tier1_only,20241129,20,excess_csi300,11,11,-3.8252192424658173,-5.2320088191088905,6.457621819521605,27.27272727272727
tier1_only,20241129,20,excess_csi1000,11,11,-0.729393487455977,-2.1361830640990505,6.457621819521606,36.36363636363637
tier1_only,20241231,5,close,3,3,0.37836889758443587,-1.155624036979963,6.367032439283458,33.33333333333333
tier1_only,20241231,5,t1,3,3,0.39594598720784635,-1.3076923076922986,6.1476461052752,33.33333333333333
tier1_only,20241231,5,t1_net,3,3,0.2359459872078462,-1.4676923076922985,6.1476461052752,33.33333333333333
tier1_only,20241231,5,excess_csi300,3,3,1.2120893013864433,-0.49154899351370185,6.1476461052752,33.33333333333333
tier1_only,20241231,5,excess_csi1000,3,3,2.7300433246818745,1.0264050297817295,6.1476461052752,66.66666666666666
tier1_only,20241231,10,close,3,3,-0.6306748623218669,0.8474576271186418,7.53762895719899,66.66666666666666
tier1_only,20241231,10,t1,3,3,-0.6182021485269619,0.6923076923077032,7.266426479113212,66.66666666666666
tier1_only,20241231,10,t1_net,3,3,-0.778202148526962,0.5323076923077031,7.266426479113212,66.66666666666666
tier1_only,20241231,10,excess_csi300,3,3,0.019669032967558547,1.3301788738022235,7.266426479113212,66.66666666666666
tier1_only,20241231,10,excess_csi1000,3,3,-0.24701412640068288,1.0634957144339818,7.266426479113212,66.66666666666666
tier1_only,20241231,20,close,3,3,-1.2067881877143176,-0.15408320493065508,4.169789664247303,33.33333333333333
tier1_only,20241231,20,t1,3,3,-1.1881916756880884,-0.3076923076922977,3.890490380079274,33.33333333333333
tier1_only,20241231,20,t1_net,3,3,-1.3481916756880885,-0.46769230769229775,3.890490380079274,33.33333333333333
tier1_only,20241231,20,excess_csi300,3,3,-1.7754659974650533,-0.8949666294692626,3.890490380079274,33.33333333333333
tier1_only,20241231,20,excess_csi1000,3,3,-5.410046817122005,-4.529547449126214,3.890490380079274,0.0
tier1_only,20250127,5,close,15,15,8.23407428489379,6.167706167706166,9.338843930128094,86.66666666666667
tier1_only,20250127,5,t1,15,15,7.015711688309592,7.291666666666674,8.726517275275366,86.66666666666667
tier1_only,20250127,5,t1_net,15,15,6.855711688309591,7.131666666666674,8.726517275275368,80.0
tier1_only,20250127,5,excess_csi300,15,15,4.695594888811462,4.971549867168545,8.726517275275366,66.66666666666666
tier1_only,20250127,5,excess_csi1000,15,15,1.766359854779666,2.042314833136749,8.726517275275366,53.333333333333336
tier1_only,20250127,10,close,15,15,4.324984899656452,0.7531380753138084,10.563181393793323,53.333333333333336
tier1_only,20250127,10,t1,15,15,3.177787498111124,0.7531380753138084,10.382295817504682,53.333333333333336
tier1_only,20250127,10,t1_net,15,15,3.0177874981111246,0.5931380753138084,10.38229581750468,53.333333333333336
tier1_only,20250127,10,excess_csi300,15,15,0.07645758843426004,-2.348191834363056,10.382295817504682,46.666666666666664
tier1_only,20250127,10,excess_csi1000,15,15,-1.254826805679881,-3.6794762284771965,10.38229581750468,40.0
tier1_only,20250127,20,close,15,15,7.805347518470341,4.36241610738255,13.852755079029832,66.66666666666666
tier1_only,20250127,20,t1,15,15,6.663669330506914,2.8487229862475427,14.084594141997538,66.66666666666666
tier1_only,20250127,20,t1_net,15,15,6.503669330506915,2.6887229862475426,14.084594141997538,66.66666666666666
tier1_only,20250127,20,excess_csi300,15,15,4.288597237256196,0.47365089299682417,14.084594141997538,53.333333333333336
tier1_only,20250127,20,excess_csi1000,15,15,-1.4328406276213363,-5.247786971880709,14.084594141997538,26.666666666666668
tier1_only,20250228,5,close,15,15,3.588715245589481,3.45679012345681,4.711909253784967,80.0
tier1_only,20250228,5,t1,15,15,4.00342221819744,1.9314641744548222,5.829877098417547,73.33333333333333
tier1_only,20250228,5,t1_net,15,15,3.8434222181974396,1.7714641744548223,5.829877098417547,73.33333333333333
tier1_only,20250228,5,excess_csi300,15,15,2.575085475900252,0.5031274321576351,5.829877098417546,53.333333333333336
tier1_only,20250228,5,excess_csi1000,15,15,0.2720400490463187,-1.7999179946962984,5.829877098417546,40.0
tier1_only,20250228,10,close,15,15,5.37432402883035,4.342581423401715,7.9730807075264005,73.33333333333333
tier1_only,20250228,10,t1,15,15,5.727760017893399,4.504504504504503,7.722561660937007,80.0
tier1_only,20250228,10,t1_net,15,15,5.5677600178934,4.344504504504503,7.722561660937007,80.0
tier1_only,20250228,10,excess_csi300,15,15,2.6910184562040844,1.4677629428151873,7.722561660937007,66.66666666666666
tier1_only,20250228,10,excess_csi1000,15,15,0.9857062480576576,-0.23754926533123832,7.722561660937007,46.666666666666664
tier1_only,20250228,20,close,15,15,-0.2483287647891745,-2.8846153846153966,9.163822721855365,33.33333333333333
tier1_only,20250228,20,t1,15,15,0.08207694010825245,-2.5723472668810365,8.93850194022546,33.33333333333333
tier1_only,20250228,20,t1_net,15,15,-0.07792305989174769,-2.7323472668810367,8.93850194022546,33.33333333333333
tier1_only,20250228,20,excess_csi300,15,15,-0.6043723295254961,-3.2587965365147853,8.938501940225462,33.33333333333333
tier1_only,20250228,20,excess_csi1000,15,15,0.16733007081569345,-2.4870941361735954,8.93850194022546,33.33333333333333
tier1_only,20250331,5,close,15,15,-9.540427387661113,-8.34898412156393,9.529452677210724,20.0
tier1_only,20250331,5,t1,15,15,-9.587170460484826,-8.364629566404913,9.457258813430837,20.0
tier1_only,20250331,5,t1_net,15,15,-9.747170460484824,-8.524629566404913,9.457258813430837,20.0
tier1_only,20250331,5,excess_csi300,15,15,-3.4929227308403283,-2.270381836760416,9.457258813430839,33.33333333333333
tier1_only,20250331,5,excess_csi1000,15,15,2.0665844386012635,3.2891253326811754,9.457258813430839,60.0
tier1_only,20250331,10,close,15,15,-4.101934204976812,-3.714285714285692,8.321112200094504,33.33333333333333
tier1_only,20250331,10,t1,15,15,-4.1488620678046875,-3.824200913241993,8.266389472861949,33.33333333333333
tier1_only,20250331,10,t1_net,15,15,-4.308862067804687,-3.984200913241993,8.266389472861949,33.33333333333333
tier1_only,20250331,10,excess_csi300,15,15,-0.896300986517246,-0.5716398319545513,8.266389472861949,40.0
tier1_only,20250331,10,excess_csi1000,15,15,1.3700466958860227,1.6947078504487174,8.266389472861949,60.0
tier1_only,20250331,20,close,15,15,-1.1635264631925182,-3.835755322744183,12.70018221209102,33.33333333333333
tier1_only,20250331,20,t1,15,15,-1.2108753959610363,-3.0989272943980906,12.66743577567876,33.33333333333333
tier1_only,20250331,20,t1_net,15,15,-1.3708753959610358,-3.2589272943980907,12.66743577567876,33.33333333333333
tier1_only,20250331,20,excess_csi300,15,15,1.6856408101782407,-0.2024110882588137,12.66743577567876,40.0
tier1_only,20250331,20,excess_csi1000,15,15,4.478133656191159,2.5900817577541035,12.66743577567876,60.0
tier1_only,20250430,5,close,15,15,2.3340053419726847,1.477832512315258,2.687390734323112,86.66666666666667
tier1_only,20250430,5,t1,15,15,1.9587977014173275,1.477832512315258,2.5535169087932537,86.66666666666667
tier1_only,20250430,5,t1_net,15,15,1.7987977014173273,1.317832512315258,2.5535169087932537,86.66666666666667
tier1_only,20250430,5,excess_csi300,15,15,-0.19602142308553283,-0.6769866121876023,2.5535169087932537,40.0
tier1_only,20250430,5,excess_csi1000,15,15,0.9012960826435901,0.42033089354152064,2.5535169087932537,60.0
tier1_only,20250430,10,close,15,15,4.795396994261365,3.5026269702276513,5.9115916339908905,86.66666666666667
tier1_only,20250430,10,t1,15,15,4.3958706627213076,3.141361256544495,5.483624740104177,86.66666666666667
tier1_only,20250430,10,t1_net,15,15,4.235870662721307,2.9813612565444947,5.483624740104177,86.66666666666667
tier1_only,20250430,10,excess_csi300,15,15,2.5945804893468374,1.3400710831700247,5.483624740104177,66.66666666666666
tier1_only,20250430,10,excess_csi1000,15,15,4.520158665676472,3.265649259499659,5.483624740104177,86.66666666666667
tier1_only,20250430,20,close,15,15,7.171584130196738,3.1004999768840413,13.051541466938694,86.66666666666667
tier1_only,20250430,20,t1,15,15,6.785339096105793,3.536977491961424,13.034951466811927,86.66666666666667
tier1_only,20250430,20,t1_net,15,15,6.625339096105795,3.3769774919614237,13.034951466811929,80.0
tier1_only,20250430,20,excess_csi300,15,15,5.6439496763634605,2.3955880722190903,13.034951466811927,73.33333333333333
tier1_only,20250430,20,excess_csi1000,15,15,7.324184250298407,4.075822646154037,13.034951466811929,86.66666666666667
tier1_only,20250530,5,close,15,15,4.76886322106546,2.58302583025829,7.089661112390066,80.0
tier1_only,20250530,5,t1,15,15,5.588617293610661,3.0902348578492056,7.5271946670939975,80.0
tier1_only,20250530,5,t1_net,15,15,5.42861729361066,2.9302348578492055,7.5271946670939975,80.0
tier1_only,20250530,5,excess_csi300,15,15,4.725868320846379,2.2274858850849233,7.5271946670939975,73.33333333333333
tier1_only,20250530,5,excess_csi1000,15,15,3.135141229017431,0.636758793255976,7.5271946670939975,66.66666666666666
tier1_only,20250530,10,close,15,15,4.8703470599506185,4.002624671916011,9.80503702696136,73.33333333333333
tier1_only,20250530,10,t1,15,15,5.669113917242989,2.3405972558514954,9.943438478776335,80.0
tier1_only,20250530,10,t1_net,15,15,5.509113917242989,2.180597255851495,9.943438478776335,80.0
tier1_only,20250530,10,excess_csi300,15,15,5.103632915583783,1.7751162541922882,9.943438478776335,80.0
tier1_only,20250530,10,excess_csi1000,15,15,4.393615884018547,1.0650992226270528,9.943438478776335,80.0
tier1_only,20250530,20,close,15,15,7.710334726459165,4.126984126984112,12.269113812410422,80.0
tier1_only,20250530,20,t1,15,15,8.558702200327058,4.697156983930806,12.667226466651908,80.0
tier1_only,20250530,20,t1_net,15,15,8.398702200327058,4.537156983930806,12.66722646665191,80.0
tier1_only,20250530,20,excess_csi300,15,15,6.376300257571273,2.514755041175021,12.667226466651908,80.0
tier1_only,20250530,20,excess_csi1000,15,15,3.844653349750079,-0.016891866646173703,12.667226466651908,46.666666666666664
tier1_only,20250630,5,close,15,15,1.3389070827340495,0.5698005698005604,4.858706192512277,53.333333333333336
tier1_only,20250630,5,t1,15,15,1.3983080302896818,0.0,5.14772029713395,46.666666666666664
tier1_only,20250630,5,t1_net,15,15,1.2383080302896814,-0.16,5.147720297133949,46.666666666666664
tier1_only,20250630,5,excess_csi300,15,15,0.8298588061163866,-0.5684492241732952,5.14772029713395,46.666666666666664
tier1_only,20250630,5,excess_csi1000,15,15,2.129883147733154,0.7315751174434726,5.14772029713395,66.66666666666666
tier1_only,20250630,10,close,15,15,2.70376886116339,2.4346257889990897,7.504794023835788,60.0
tier1_only,20250630,10,t1,15,15,2.7642855525493752,2.25022502250225,7.719477002760056,60.0
tier1_only,20250630,10,t1_net,15,15,2.6042855525493755,2.09022502250225,7.7194770027600565,60.0
tier1_only,20250630,10,excess_csi300,15,15,0.864454926201644,0.3503943961545186,7.719477002760055,53.333333333333336
tier1_only,20250630,10,excess_csi1000,15,15,1.375198259301683,0.8611377292545574,7.7194770027600565,53.333333333333336
tier1_only,20250630,20,close,15,15,8.649281174628616,6.620689655172418,15.945533045868492,66.66666666666666
tier1_only,20250630,20,t1,15,15,8.735276181946043,6.620689655172418,16.215336185111955,73.33333333333333
tier1_only,20250630,20,t1_net,15,15,8.575276181946043,6.460689655172418,16.215336185111955,73.33333333333333
tier1_only,20250630,20,excess_csi300,15,15,3.838652951834781,1.7240664250611548,16.215336185111955,60.0
tier1_only,20250630,20,excess_csi1000,15,15,3.1465709515594726,1.0319844247858478,16.215336185111955,60.0
tier1_only,20250731,5,close,15,15,1.137934034650303,0.9720534629404698,2.6711734673455214,66.66666666666666
tier1_only,20250731,5,t1,15,15,1.3408115744625193,1.0042283298097088,2.268909734953599,73.33333333333333
tier1_only,20250731,5,t1_net,15,15,1.1808115744625192,0.8442283298097087,2.268909734953599,73.33333333333333
tier1_only,20250731,5,excess_csi300,15,15,-0.13239315718182046,-0.46897640183463096,2.2689097349535996,40.0
tier1_only,20250731,5,excess_csi1000,15,15,-1.5327137173009375,-1.869296961953748,2.268909734953599,26.666666666666668
tier1_only,20250731,10,close,15,15,2.575699389752779,3.262839879154078,3.8626633106145833,73.33333333333333
tier1_only,20250731,10,t1,15,15,2.785677062176839,3.0759951749095293,3.7215940839318957,80.0
tier1_only,20250731,10,t1_net,15,15,2.6256770621768393,2.915995174909529,3.7215940839318957,80.0
tier1_only,20250731,10,excess_csi300,15,15,-0.1338441348178622,0.1564739779148283,3.7215940839318957,53.333333333333336
tier1_only,20250731,10,excess_csi1000,15,15,-1.8019368278147652,-1.5116187150820748,3.7215940839318957,33.33333333333333
tier1_only,20250731,20,close,15,15,8.62799902531696,7.411907654921013,8.513438250265851,86.66666666666667
tier1_only,20250731,20,t1,15,15,8.837660271864078,7.5052854122621415,8.272302125008341,86.66666666666667
tier1_only,20250731,20,t1_net,15,15,8.677660271864077,7.345285412262141,8.272302125008341,86.66666666666667
tier1_only,20250731,20,excess_csi300,15,15,-1.2452151701350713,-2.5775900297370082,8.272302125008341,40.0
tier1_only,20250731,20,excess_csi1000,15,15,-2.805265446136086,-4.137640305738023,8.272302125008341,33.33333333333333
tier1_only,20250829,5,close,15,15,-0.27079900665075923,-2.570093457943934,9.320195152631207,40.0
tier1_only,20250829,5,t1,15,15,-0.8320478103198117,-2.3419203747072515,9.141985621525512,40.0
tier1_only,20250829,5,t1_net,15,15,-0.9920478103198117,-2.5019203747072516,9.141985621525512,40.0
tier1_only,20250829,5,excess_csi300,15,15,0.5691513069271095,-0.9407212574603308,9.141985621525512,40.0
tier1_only,20250829,5,excess_csi1000,15,15,2.573848057650154,1.0639754932627143,9.141985621525514,53.333333333333336
tier1_only,20250829,10,close,15,15,0.16036736168551158,-1.1682242990654124,8.492134319958756,46.666666666666664
tier1_only,20250829,10,t1,15,15,-0.43580518720070766,-0.9367681498828717,7.750837784484448,46.666666666666664
tier1_only,20250829,10,t1_net,15,15,-0.5958051872007079,-1.0967681498828716,7.750837784484448,40.0
tier1_only,20250829,10,excess_csi300,15,15,-0.39793583696743073,-0.8988987996495945,7.750837784484448,46.666666666666664
tier1_only,20250829,10,excess_csi1000,15,15,0.6075537342593613,0.10659077157719743,7.750837784484448,53.333333333333336
tier1_only,20250829,20,close,15,15,-2.518845190147347,-5.853658536585371,12.878596892388428,26.666666666666668
tier1_only,20250829,20,t1,15,15,-3.146844590167015,-5.853658536585371,11.77752759504663,20.0
tier1_only,20250829,20,t1_net,15,15,-3.3068445901670156,-6.013658536585371,11.777527595046632,20.0
tier1_only,20250829,20,excess_csi300,15,15,-3.7290568362142795,-6.435870782632636,11.777527595046632,20.0
tier1_only,20250829,20,excess_csi1000,15,15,-1.7662706319105226,-4.473084578328878,11.77752759504663,33.33333333333333
tier1_only,20250930,5,close,15,15,-1.125828553507456,-4.333605887162739,10.982016397211343,33.33333333333333
tier1_only,20250930,5,t1,15,15,-2.6287163816769006,-6.174819566960721,8.392216229754103,13.333333333333334
tier1_only,20250930,5,t1_net,15,15,-2.7887163816769003,-6.3348195669607215,8.392216229754103,13.333333333333334
tier1_only,20250930,5,excess_csi300,15,15,-0.4375178592067055,-3.9836210444905267,8.392216229754103,40.0
tier1_only,20250930,5,excess_csi1000,15,15,-0.4764912981742544,-4.022594483458075,8.392216229754103,40.0
tier1_only,20250930,10,close,15,15,-4.820909683031528,-7.578558225508325,11.11620140513448,20.0
tier1_only,20250930,10,t1,15,15,-6.2673850927828125,-9.27773465618602,8.726389518657413,20.0
tier1_only,20250930,10,t1_net,15,15,-6.427385092782812,-9.43773465618602,8.726389518657411,20.0
tier1_only,20250930,10,excess_csi300,15,15,-3.7849040046291567,-6.795253568032366,8.726389518657411,26.666666666666668
tier1_only,20250930,10,excess_csi1000,15,15,-1.8761716592658837,-4.886521222669092,8.726389518657411,33.33333333333333
tier1_only,20250930,20,close,15,15,-1.3346599892444582,-4.835359388710147,15.12486508071414,40.0
tier1_only,20250930,20,t1,15,15,-2.8649560801453613,-5.417406120277668,12.951607271731891,40.0
tier1_only,20250930,20,t1_net,15,15,-3.0249560801453614,-5.577406120277669,12.951607271731891,40.0
tier1_only,20250930,20,excess_csi300,15,15,-1.1190103476847535,-3.671460387817061,12.951607271731891,40.0
tier1_only,20250930,20,excess_csi1000,15,15,-0.46971749109961664,-3.0221675312319234,12.951607271731891,40.0
tier1_only,20251031,5,close,10,10,0.9027311733625201,1.9966879356293488,2.8465792192435213,70.0
tier1_only,20251031,5,t1,10,10,0.8675244159542295,1.8198036353656022,2.7325822629181595,70.0
tier1_only,20251031,5,t1_net,10,10,0.7075244159542294,1.659803635365602,2.7325822629181595,70.0
tier1_only,20251031,5,excess_csi300,10,10,0.32186780526925485,1.2741470246806275,2.7325822629181595,70.0
tier1_only,20251031,5,excess_csi1000,10,10,0.8176419373333743,1.769921156744747,2.7325822629181595,70.0
tier1_only,20251031,10,close,10,10,-1.525209646409626,-1.771124868029067,6.783863694328951,30.0
tier1_only,20251031,10,t1,10,10,-1.5578522327150037,-1.9820209272923772,6.787325203008605,30.0
tier1_only,20251031,10,t1_net,10,10,-1.7178522327150039,-2.142020927292377,6.787325203008605,30.0
tier1_only,20251031,10,excess_csi300,10,10,-1.014959191089634,-1.4391278856670076,6.787325203008605,30.0
tier1_only,20251031,10,excess_csi1000,10,10,-1.0887550265132073,-1.512923721090581,6.787325203008604,30.0
tier1_only,20251031,20,close,10,10,-5.476287707601017,-5.519840952302596,6.988477122305117,20.0
tier1_only,20251031,20,t1,10,10,-5.504330286189796,-5.762623625742187,7.038156185265031,20.0
tier1_only,20251031,20,t1_net,10,10,-5.664330286189795,-5.922623625742187,7.038156185265031,20.0
tier1_only,20251031,20,excess_csi300,10,10,-2.7807061890022577,-3.038999528554648,7.038156185265032,20.0
tier1_only,20251031,20,excess_csi1000,10,10,-2.7993035751452955,-3.057596914697686,7.038156185265032,20.0
tier1_only,20251128,5,close,15,15,3.097143811616568,0.7505773672055405,6.419947322768543,60.0
tier1_only,20251128,5,t1,15,15,2.5343565203046214,0.765367137048556,5.90982172787987,53.333333333333336
tier1_only,20251128,5,t1_net,15,15,2.3743565203046217,0.6053671370485559,5.90982172787987,53.333333333333336
tier1_only,20251128,5,excess_csi300,15,15,2.3584311333657966,0.5894417501097315,5.909821727879869,53.333333333333336
tier1_only,20251128,5,excess_csi1000,15,15,3.1325778243216535,1.3635884410655885,5.909821727879869,53.333333333333336
tier1_only,20251128,10,close,15,15,2.6444441163989203,-1.3095238095238049,10.180595094107849,46.666666666666664
tier1_only,20251128,10,t1,15,15,2.0988940502771665,-0.8610380291796282,10.058185339896433,40.0
tier1_only,20251128,10,t1_net,15,15,1.9388940502771665,-1.0210380291796282,10.058185339896433,40.0
tier1_only,20251128,10,excess_csi300,15,15,2.0013432134516456,-0.95858886600515,10.058185339896433,40.0
tier1_only,20251128,10,excess_csi1000,15,15,2.3119735075722625,-0.6479585718845327,10.058185339896433,40.0
tier1_only,20251128,20,close,15,15,3.862146868384841,1.7825311942958777,10.913608329199674,53.333333333333336
tier1_only,20251128,20,t1,15,15,3.2581626247858866,2.103120759837185,10.168829291553967,53.333333333333336
tier1_only,20251128,20,t1_net,15,15,3.0981626247858864,1.943120759837185,10.168829291553967,53.333333333333336
tier1_only,20251128,20,excess_csi300,15,15,1.4936121146739347,0.3385702497252341,10.168829291553966,53.333333333333336
tier1_only,20251128,20,excess_csi1000,15,15,0.2954139012759411,-0.85962796367276,10.168829291553966,33.33333333333333
tier1_only,20251231,5,close,15,15,6.4355799674147125,6.862745098039236,9.264399719862723,66.66666666666666
tier1_only,20251231,5,t1,15,15,5.826182264749483,5.439093484419266,9.08068925934182,66.66666666666666
tier1_only,20251231,5,t1_net,15,15,5.666182264749482,5.279093484419266,9.080689259341822,66.66666666666666
tier1_only,20251231,5,excess_csi300,15,15,4.9533840552148085,4.566295274884591,9.08068925934182,66.66666666666666
tier1_only,20251231,5,excess_csi1000,15,15,0.9859848410080834,0.598896060677867,9.080689259341822,53.333333333333336
tier1_only,20251231,10,close,15,15,6.503748033560149,6.5274151436031325,9.023062853209447,80.0
tier1_only,20251231,10,t1,15,15,5.896151653291302,5.813953488372103,8.856366605424654,80.0
tier1_only,20251231,10,t1_net,15,15,5.7361516532913,5.653953488372103,8.856366605424654,80.0
tier1_only,20251231,10,excess_csi300,15,15,5.596705670011635,5.514507505092436,8.856366605424654,80.0
tier1_only,20251231,10,excess_csi1000,15,15,-0.27945720317798184,-0.36165536809718013,8.856366605424654,40.0
tier1_only,20251231,20,close,15,15,6.398079811918114,3.7254901960784625,9.407174809957803,66.66666666666666
tier1_only,20251231,20,t1,15,15,5.7662806910737885,2.6061411670808887,8.879693134502558,66.66666666666666
tier1_only,20251231,20,t1_net,15,15,5.606280691073789,2.4461411670808886,8.879693134502558,66.66666666666666
tier1_only,20251231,20,excess_csi300,15,15,6.008040224657806,2.847900700664907,8.879693134502558,66.66666666666666
tier1_only,20251231,20,excess_csi1000,15,15,-0.6947465623786897,-3.8548860863715895,8.879693134502558,46.666666666666664
