feature_family,feature,feature_value,all_sample_count,all_bad_5d_rate_pct,all_bad_10d_rate_pct,all_bad_20d_rate_pct,all_mean_5d_t1_net,all_monthly_t_5d_t1_net,all_win_rate_5d_pct,all_mean_10d_t1_net,all_monthly_t_10d_t1_net,all_win_rate_10d_pct,all_mean_20d_t1_net,all_monthly_t_20d_t1_net,all_win_rate_20d_pct,discovery_sample_count,discovery_bad_5d_rate_pct,discovery_bad_10d_rate_pct,discovery_bad_20d_rate_pct,discovery_mean_5d_t1_net,discovery_monthly_t_5d_t1_net,discovery_win_rate_5d_pct,discovery_mean_10d_t1_net,discovery_monthly_t_10d_t1_net,discovery_win_rate_10d_pct,discovery_mean_20d_t1_net,discovery_monthly_t_20d_t1_net,discovery_win_rate_20d_pct,validation_sample_count,validation_bad_5d_rate_pct,validation_bad_10d_rate_pct,validation_bad_20d_rate_pct,validation_mean_5d_t1_net,validation_monthly_t_5d_t1_net,validation_win_rate_5d_pct,validation_mean_10d_t1_net,validation_monthly_t_10d_t1_net,validation_win_rate_10d_pct,validation_mean_20d_t1_net,validation_monthly_t_20d_t1_net,validation_win_rate_20d_pct,discovery_bad20_lift_pctpt,validation_bad20_lift_pctpt,discovery_mean20_delta_pct,validation_mean20_delta_pct,candidate_flag
score,final_score_bucket_fine,lt_60,73,31.506849315068493,34.24657534246575,43.83561643835616,-0.5549790485127493,0.6934495811714365,36.986301369863014,0.4142341977374753,0.9439621012260446,39.726027397260275,-0.5520164007977523,0.7585527875801437,36.986301369863014,47,34.04255319148936,31.914893617021278,42.5531914893617,-0.7156580292319136,0.024024552091474687,38.297872340425535,1.5988641774024255,0.7197503159076318,46.808510638297875,1.0106306219858925,0.654294786442619,38.297872340425535,26,26.923076923076923,38.46153846153847,46.15384615384615,-0.2645208910588749,0.7836969749330291,34.61538461538461,-1.7272123039645497,0.6338064708369656,26.923076923076923,-3.3768014035220344,0.35561472860204535,34.61538461538461,12.018840344323532,20.29177718832891,-1.4770357621512877,-6.479405308127243,candidate_negative
fundamental,q1_dt_yoy_bucket,q1_-100_-30,21,28.57142857142857,42.857142857142854,42.857142857142854,0.4373414306933197,0.6747258479124492,52.38095238095239,-0.08828556429331133,0.264424406781007,47.61904761904761,1.2023028858819615,1.2014895629059292,38.095238095238095,14,42.857142857142854,57.14285714285714,50.0,-1.9482916441186036,-0.3842215710335392,42.857142857142854,-1.6124030257324617,-0.404927009784624,35.714285714285715,1.2002040898948787,0.9522362052667985,42.857142857142854,7,0.0,14.285714285714285,28.57142857142857,5.208607580317166,1.3459463284668123,71.42857142857143,2.959949358584989,0.9737908581261578,71.42857142857143,1.206500477856127,0.6309939531320897,28.57142857142857,19.46564885496183,2.7093596059113274,-1.2874622942423015,-1.8961034267490813,candidate_negative
fundamental,q1_dt_yoy_bucket,q1_30_100,76,26.31578947368421,34.21052631578947,40.78947368421053,-0.5428040613302971,0.16052031997807872,43.42105263157895,-0.44359087691659305,0.042198427504237815,44.73684210526316,1.3485457646165582,1.1150464989834485,40.78947368421053,29,31.03448275862069,34.48275862068966,44.827586206896555,-1.212901213753509,-0.0862406016842431,34.48275862068966,-1.4160315369389735,-0.29686782121672295,41.37931034482759,-0.3999220297461476,0.5914550597986498,41.37931034482759,47,23.404255319148938,34.04255319148936,38.297872340425535,-0.12933986089895358,0.2875719090585078,48.93617021276596,0.15642570054402485,0.2491480423655549,46.808510638297875,2.4273875951807815,0.9848947155163529,40.42553191489361,14.293235061858386,12.435803374908293,-2.8875884138833277,-0.6752163094244268,candidate_negative
fundamental,q1_dt_yoy_bucket,<NA>,5,20.0,20.0,60.0,-1.3594233738380845,-0.44958922411348295,40.0,-3.8824274720512464,-1.2336427257034333,60.0,-6.392552324566583,-2.7230109963869844,40.0,2,0.0,0.0,50.0,3.9290429328877097,,100.0,1.6219933568525517,,100.0,-2.244751707206373,,50.0,3,33.33333333333333,33.33333333333333,66.66666666666666,-4.885067578321947,,0.0,-7.552041357987111,,33.33333333333333,-9.157752736140056,,33.33333333333333,19.46564885496183,40.80459770114942,-4.732418091343553,-12.260356640745265,observation
industry_l2,l2_name,化学原料,6,33.33333333333333,33.33333333333333,33.33333333333333,-2.1578995535380296,-1.5535042886165265,50.0,-2.965854262918008,-1.6985639359887952,50.0,-0.5883578322858175,0.03906783815494299,33.33333333333333,4,25.0,25.0,25.0,-1.4319585006127216,,75.0,-1.2417479814596573,,75.0,2.896388248787892,,50.0,2,50.0,50.0,50.0,-3.6097816593886463,,0.0,-6.414066825834709,,0.0,-7.557849994433237,,0.0,-5.534351145038169,24.137931034482758,0.4087218646507118,-10.660453899038446,observation
industry_l1,l1_name,建筑装饰,7,0.0,14.285714285714285,14.285714285714285,2.862047397368209,0.7062848797256648,57.14285714285714,3.7412056242556795,0.5980495569798562,71.42857142857143,0.23594896395722995,-0.809214456948226,57.14285714285714,6,0.0,0.0,0.0,3.9929621069654213,0.9497682818124419,66.66666666666666,5.3770696440689045,0.975475004972816,83.33333333333334,1.4668150099214285,-0.061361107999343946,66.66666666666666,1,0.0,100.0,100.0,-3.9234408602150617,,0.0,-6.073978494623673,,0.0,-7.149247311827962,,0.0,-30.53435114503817,74.13793103448276,-1.0208513742157517,-10.25185121643317,observation
industry_l2,l2_name,装修装饰,1,0.0,100.0,100.0,-3.9234408602150617,,0.0,-6.073978494623673,,0.0,-7.149247311827962,,0.0,0,,,,,,,,,,,,,1,0.0,100.0,100.0,-3.9234408602150617,,0.0,-6.073978494623673,,0.0,-7.149247311827962,,0.0,,74.13793103448276,,-10.25185121643317,observation
industry_l1,l1_name,商业贸易,5,20.0,20.0,60.0,-3.0336324038499556,-1.0297976296660207,40.0,0.7236234129221055,0.3018376688001944,80.0,0.4605675634616116,0.10502714669117288,40.0,3,33.33333333333333,33.33333333333333,33.33333333333333,-6.235828541852765,-1.5886327204148143,0.0,-1.1055563792109506,-0.2856865179819723,66.66666666666666,5.5188867710538005,0.9866536907840637,66.66666666666666,2,0.0,0.0,100.0,1.7696618031542588,,100.0,3.4673931011216896,,100.0,-7.126911247926672,,0.0,2.7989821882951595,74.13793103448276,3.0312203869166203,-10.22951515253188,observation
industry_l2,l2_name,一般零售,5,20.0,20.0,60.0,-3.0336324038499556,-1.0297976296660207,40.0,0.7236234129221055,0.3018376688001944,80.0,0.4605675634616116,0.10502714669117288,40.0,3,33.33333333333333,33.33333333333333,33.33333333333333,-6.235828541852765,-1.5886327204148143,0.0,-1.1055563792109506,-0.2856865179819723,66.66666666666666,5.5188867710538005,0.9866536907840637,66.66666666666666,2,0.0,0.0,100.0,1.7696618031542588,,100.0,3.4673931011216896,,100.0,-7.126911247926672,,0.0,2.7989821882951595,74.13793103448276,3.0312203869166203,-10.22951515253188,observation
score,final_score_bucket_fine,90_plus,1,100.0,100.0,100.0,-18.55684625492773,,0.0,-10.803889618922486,,0.0,-6.467490144546657,,0.0,0,,,,,,,,,,,,,1,100.0,100.0,100.0,-18.55684625492773,,0.0,-10.803889618922486,,0.0,-6.467490144546657,,0.0,,74.13793103448276,,-9.570094049151866,observation
industry_l2,l2_name,塑料,7,42.857142857142854,57.14285714285714,42.857142857142854,-4.3387699005892,-1.684936263178019,14.285714285714285,-4.3141038565081145,-1.4426191178244747,42.857142857142854,-3.998461613319848,-0.9629876463376201,42.857142857142854,2,0.0,50.0,0.0,-2.2427945170050436,,0.0,-2.572011293590233,,50.0,0.5186391654812708,,50.0,5,60.0,60.0,60.0,-5.1771600540228615,-1.4923517069591488,20.0,-5.010940881675268,-1.1893460603747301,40.0,-5.805301924840296,-0.9986601038685056,40.0,-30.53435114503817,34.13793103448276,-1.9690272186559095,-8.907905829445504,observation
industry_l2,l2_name,医疗器械,2,0.0,0.0,50.0,1.0806153753473366,,50.0,0.8185612626791506,,50.0,-5.544534289178212,,0.0,0,,,,,,,,,,,,,2,0.0,0.0,50.0,1.0806153753473366,,50.0,0.8185612626791506,,50.0,-5.544534289178212,,0.0,,24.137931034482758,,-8.64713819378342,observation
industry_l2,l2_name,航空装备,12,16.666666666666664,58.333333333333336,41.66666666666667,-0.9775579708082609,-1.3487549474101703,33.33333333333333,-6.367061090378748,-2.9892810205984306,25.0,-1.2643128768682652,0.28579958537320654,33.33333333333333,11,18.181818181818183,54.54545454545454,36.36363636363637,-1.0758951448268503,-1.392823553516427,27.27272727272727,-6.485370246107863,-2.5562270540354946,27.27272727272727,-0.9187358313691537,0.4009509057340645,36.36363636363637,1,0.0,100.0,100.0,0.1041509433962241,,100.0,-5.06566037735849,,0.0,-5.06566037735849,,0.0,5.829285218598198,74.13793103448276,-3.406402215506334,-8.168264281963697,observation
industry_l2,l2_name,化学制药,7,14.285714285714285,28.57142857142857,57.14285714285714,0.9964778832679274,1.355131036857111,71.42857142857143,-1.3083908153194508,-0.7239614177767537,42.857142857142854,0.04569641258860762,0.2171278546471596,42.857142857142854,3,0.0,33.33333333333333,33.33333333333333,2.212263830065043,1.6717004109246087,66.66666666666666,-2.573168612587987,-1.5177834051696235,33.33333333333333,4.661325996310289,0.6196380392368409,66.66666666666666,4,25.0,25.0,75.0,0.0846384231700903,0.4512820391056612,75.0,-0.3598074673680487,-0.16438570901680674,50.0,-3.4160257752026535,-0.5247791286210011,25.0,2.7989821882951595,49.13793103448276,2.173659612173109,-6.518629679807862,observation
industry_l2,l2_name,医药商业,2,50.0,0.0,0.0,-5.330643869274006,,0.0,-3.423451807972362,,0.0,-2.6882443090662242,,0.0,1,0.0,0.0,0.0,-4.336904176904195,,0.0,-2.8627027027027308,,0.0,-2.248452088452097,,0.0,1,100.0,0.0,0.0,-6.324383561643816,,0.0,-3.984200913241993,,0.0,-3.1280365296803514,,0.0,-30.53435114503817,-25.862068965517242,-4.736118472589277,-6.23064043428556,observation
industry_l1,l1_name,化工,26,19.230769230769234,30.76923076923077,34.61538461538461,-1.1736241713776077,-0.25200219683777236,34.61538461538461,-1.7306462671467646,-0.5011915353171141,38.46153846153847,-1.0848522152752353,0.2361152343258511,42.30769230769231,8,12.5,25.0,12.5,0.37255665183455483,0.18213123778925475,50.0,0.7017554914651092,0.24055835555565344,62.5,2.278124791385456,1.0615333510268057,50.0,18,22.22222222222222,33.33333333333333,44.44444444444444,-1.860815648360791,-0.6817626404143119,27.77777777777778,-2.8117137154187084,-1.0882965866677585,27.77777777777778,-2.5795086626799875,-0.7007973192986713,38.88888888888889,-18.03435114503817,18.5823754789272,-0.20954159275172435,-5.682112567285196,observation
industry_l2,l2_name,中药,9,0.0,44.44444444444444,44.44444444444444,-0.004397956727986547,0.1318175871082557,66.66666666666666,-2.1650847032112943,-0.4499370787681411,44.44444444444444,2.4353787147855943,0.38597086661278474,55.55555555555556,4,0.0,50.0,25.0,-0.3437072130730893,-0.48725808752706756,50.0,-3.9616899671597494,-1.1140027974944489,25.0,8.286916187098944,0.6560739957187067,75.0,5,0.0,40.0,60.0,0.26704944834809574,1.3315167618370665,80.0,-0.7278004920525305,0.30342771383935296,60.0,-2.2458512630650858,-0.18895784079419725,40.0,-5.534351145038169,34.13793103448276,5.799249802961764,-5.348455167670294,observation
industry_l1,l1_name,医药生物,24,12.5,25.0,45.83333333333333,0.059377375458816495,0.8217109745571213,58.333333333333336,-1.6058391939620584,-1.373345218063715,37.5,0.31653211034695,0.5351363363158743,37.5,9,0.0,33.33333333333333,33.33333333333333,-0.12083768923526764,-0.04501632739680872,44.44444444444444,-3.169123755305382,-2.1365312138957755,22.22222222222222,4.342761103555533,0.354552158236115,55.55555555555556,15,20.0,20.0,53.333333333333336,0.16750641427526697,1.069544825048874,66.66666666666666,-0.6678684571560642,-0.026909409652339653,46.666666666666664,-2.0992052855781997,0.36509661016523015,26.666666666666668,2.7989821882951595,27.471264367816094,1.8550947194183531,-5.201809190183408,observation
industry_l2,l2_name,汽车零部件,36,25.0,36.11111111111111,33.33333333333333,0.05166042644490345,0.9167580512126199,47.22222222222222,0.11544485940014598,1.0058730080610738,44.44444444444444,1.2831233439303216,1.263555615718758,50.0,10,10.0,0.0,10.0,4.756609813860412,1.3434423142738972,60.0,7.839645259447531,1.5708391208190216,60.0,9.740072652943692,1.4082147100949758,60.0,26,30.76923076923077,50.0,42.30769230769231,-1.75793549179183,0.15086798865150083,42.30769230769231,-2.855401448310386,-0.3801120944779177,38.46153846153847,-1.9695494672286673,0.07222908988741594,46.15384615384615,-20.53435114503817,16.445623342175065,7.252406268806512,-5.072153371833876,observation
industry_l1,l1_name,汽车,38,26.31578947368421,34.21052631578947,31.57894736842105,-0.38142658707074134,0.8659011575710138,47.368421052631575,0.41304028074355265,1.1461065804413286,47.368421052631575,1.4894724012243938,1.329386355467862,52.63157894736842,10,10.0,0.0,10.0,4.756609813860412,1.3434423142738972,60.0,7.839645259447531,1.5708391208190216,60.0,9.740072652943692,1.4082147100949758,60.0,28,32.142857142857146,46.42857142857143,39.285714285714285,-2.216439587403297,0.09458629158481834,42.857142857142854,-2.239318640222154,-0.1698865728550742,42.857142857142854,-1.4571705458182127,0.20325759340382282,50.0,-20.53435114503817,13.423645320197043,7.252406268806512,-4.559774450423421,observation
industry_l2,l2_name,医疗服务,1,0.0,0.0,0.0,2.911017274472165,,100.0,1.0588099808061238,,100.0,-1.065242205181178,,0.0,0,,,,,,,,,,,,,1,0.0,0.0,0.0,2.911017274472165,,100.0,1.0588099808061238,,100.0,-1.065242205181178,,0.0,,-25.862068965517242,,-4.167846109786386,observation
industry_l2,l2_name,其他建材,2,0.0,0.0,0.0,6.230894711505397,,50.0,4.2232955092497075,,100.0,-0.9921298397634346,,0.0,1,0.0,0.0,0.0,-1.4322646310432738,,0.0,4.102086513994911,,100.0,-0.9233587786259776,,0.0,1,0.0,0.0,0.0,13.894054054054068,,100.0,4.344504504504503,,100.0,-1.0609009009008916,,0.0,-30.53435114503817,-25.862068965517242,-3.411025162763158,-4.1635048055061,observation
expectation,esp_raw_bucket,esp_200_plus,29,31.03448275862069,27.586206896551722,34.48275862068966,-0.3017699723717508,-0.4361066900705726,44.827586206896555,1.5009154718501745,0.47147224777129626,58.620689655172406,-1.662705530530898,-1.0701989709714053,44.827586206896555,13,38.46153846153847,38.46153846153847,46.15384615384615,-2.0315003258981426,-0.46350233629305554,46.15384615384615,2.315166197776996,0.8618275376509029,53.84615384615385,-2.755177085181305,-1.1552229199285722,23.076923076923077,16,25.0,18.75,25.0,1.1036359398684428,-0.2315438344033662,43.75,0.8393367570346314,-0.3015334387497253,62.5,-0.7750723923774429,-0.6491944484901132,62.5,15.619495008807984,-0.862068965517242,-5.242843469318485,-3.877676296982651,observation
industry_l2,l2_name,电力,26,11.538461538461538,19.230769230769234,19.230769230769234,1.0332694316911935,0.7278892460245829,69.23076923076923,0.25094150675591737,-0.20474020015125327,57.692307692307686,-0.7381945373240204,0.12148074824922567,46.15384615384615,12,16.666666666666664,25.0,33.33333333333333,1.2584786756699888,0.673806822586201,66.66666666666666,-0.29723621103585923,-0.28808930344570244,50.0,-0.7365528600652081,0.634069599458312,33.33333333333333,14,7.142857142857142,14.285714285714285,7.142857142857142,0.8402329368522258,0.4243898539649359,71.42857142857143,0.7208081220060115,-0.015958195380934962,64.28571428571429,-0.7396016892601445,-0.4816538836885604,57.14285714285714,2.7989821882951595,-18.7192118226601,-3.2242192442023883,-3.8422055938653528,observation
industry_l1,l1_name,公用事业,30,10.0,16.666666666666664,20.0,0.9737667660922757,0.6225571799357801,66.66666666666666,0.1978704833856049,-0.10240734909947852,56.666666666666664,-0.7697095780682964,0.2020481925721162,43.333333333333336,13,15.384615384615385,23.076923076923077,38.46153846153847,1.278802801210166,0.6663288878027752,69.23076923076923,-0.5270641948023316,-0.3793327723550939,46.15384615384615,-1.1285931726045693,0.6365012426758131,30.76923076923077,17,5.88235294117647,11.76470588235294,5.88235294117647,0.7405039157080069,0.31893488390914,64.70588235294117,0.7522322961175564,0.198764427307848,64.70588235294117,-0.4952691822464407,-0.3766470039041893,52.94117647058824,7.927187316500298,-19.97971602434077,-3.6162595567417495,-3.597873086851649,observation
industry_l2,l2_name,化学制品,13,0.0,15.384615384615385,30.76923076923077,0.9849660130411367,1.2430491032589581,38.46153846153847,0.23054227901915186,0.43815792047405294,30.76923076923077,0.2548631299844398,0.14647452112045475,46.15384615384615,2,0.0,0.0,0.0,6.596938125568706,,50.0,7.862529222369984,,50.0,2.8010835024847687,,50.0,11,0.0,18.181818181818183,36.36363636363637,-0.03539255287296687,0.7422852215525618,36.36363636363637,-1.1570917106809995,-0.5230488169629516,27.27272727272727,-0.20808602865198333,-0.16268919715557345,45.45454545454545,-30.53435114503817,10.501567398119125,0.31341711834758845,-3.3106899332571915,observation
industry_l2,l2_name,黄金,2,0.0,0.0,0.0,10.977843185419893,,100.0,8.662802364376391,,100.0,9.565845519531582,,100.0,1,0.0,0.0,0.0,13.616493256262046,,100.0,12.267745664739875,,100.0,18.91514450867049,,100.0,1,0.0,0.0,0.0,8.339193114577741,,100.0,5.057859064012908,,100.0,0.216546530392674,,100.0,-30.53435114503817,-25.862068965517242,16.42747812453331,-2.8860573742125344,observation
score,final_score_bucket_fine,75_80,34,26.47058823529412,29.411764705882355,38.23529411764706,-1.0145267397680429,0.04663616367216353,44.11764705882353,-0.11559358855670954,-0.12485866041177422,50.0,0.6091374730562292,0.7564548203770892,50.0,6,33.33333333333333,33.33333333333333,50.0,-1.4431026387502073,-0.3215052299447234,33.33333333333333,-2.1090476825352877,-0.47665860164442464,33.33333333333333,1.3104490943836022,0.9379857881627013,33.33333333333333,28,25.0,28.57142857142857,35.714285714285715,-0.9226890471290073,0.24799296399505152,46.42857142857143,0.31157514586727164,0.16433402246729967,53.57142857142857,0.45885641134322086,0.09034849793884481,53.57142857142857,19.46564885496183,9.852216748768473,-1.177217289753578,-2.6437474932619875,observation
industry_l2,l2_name,燃气,4,0.0,0.0,25.0,0.5869994396993112,0.5648373977854981,50.0,-0.14709116852142756,-0.08804120477559259,50.0,-0.9745573429060916,-0.284020714623874,25.0,1,0.0,0.0,100.0,1.5226923076922907,,100.0,-3.285,,0.0,-5.833076923076903,,0.0,3,0.0,0.0,0.0,0.27510181703498476,0.19622800666207907,33.33333333333333,0.8988784419714299,0.48788526833562074,66.66666666666666,0.6449491838175122,0.1507569944660154,33.33333333333333,69.46564885496183,-25.862068965517242,-8.320743307214084,-2.457654720787696,observation
technical,drawdown_20d_bucket,dd20_lt_-20,6,0.0,0.0,33.33333333333333,1.7968061824795145,1.065331301951624,83.33333333333334,1.7872825340356473,-0.1312029933871044,50.0,-0.7572547540810634,-1.0825054893197537,50.0,1,0.0,0.0,100.0,4.120618311533879,,100.0,-4.55952437574317,,0.0,-8.72123662306777,,0.0,5,0.0,0.0,20.0,1.3320437566686418,0.40254034280508544,80.0,3.056643915991411,0.4698551584202714,60.0,0.8355416197162778,-0.44947523802999934,60.0,69.46564885496183,-5.862068965517242,-11.208903007204949,-2.2670622848889304,observation
industry_l1,l1_name,交通运输,1,0.0,0.0,0.0,-3.3143052003410123,,0.0,11.348951406649626,,100.0,1.118772378516635,,100.0,0,,,,,,,,,,,,,1,0.0,0.0,0.0,-3.3143052003410123,,0.0,11.348951406649626,,100.0,1.118772378516635,,100.0,,-25.862068965517242,,-1.9838315260885733,observation
industry_l2,l2_name,物流,1,0.0,0.0,0.0,-3.3143052003410123,,0.0,11.348951406649626,,100.0,1.118772378516635,,100.0,0,,,,,,,,,,,,,1,0.0,0.0,0.0,-3.3143052003410123,,0.0,11.348951406649626,,100.0,1.118772378516635,,100.0,,-25.862068965517242,,-1.9838315260885733,observation
technical,drawdown_20d_bucket,dd20_-10_-5,87,22.988505747126435,29.88505747126437,31.03448275862069,-0.06705592670684854,0.04951547654779428,47.12643678160919,-0.2688894336233738,-0.37638228395327267,48.275862068965516,0.5973517580142621,0.6149547648395827,49.42528735632184,34,26.47058823529412,35.294117647058826,35.294117647058826,-0.43345392025317087,-0.39602307528938274,41.17647058823529,-1.3793321735807516,-1.0804007988038142,44.11764705882353,-0.5935222071223252,0.2712567513556319,38.23529411764706,53,20.754716981132077,26.41509433962264,28.30188679245283,0.1679918427379619,0.35009555880584414,50.943396226415096,0.4434700599341899,0.47380890189160063,50.943396226415096,1.361308641309431,0.6418797091166897,56.60377358490566,4.759766502020657,2.439817826935588,-3.0811885912595054,-1.7412952632957772,observation
rank,rank_bucket,top_6_10,102,22.54901960784314,33.33333333333333,31.372549019607842,0.16138047567484157,0.3514218695496421,50.0,0.15199978457779523,0.28993866933838364,50.0,1.6383171989518532,0.9385412282180291,47.05882352941176,43,27.906976744186046,39.53488372093023,37.2093023255814,-0.6265692018694982,-0.022559076165514905,44.18604651162791,-0.2531279342853675,0.15702450295438788,48.837209302325576,1.9730728612718775,0.6669484076114948,44.18604651162791,59,18.64406779661017,28.8135593220339,27.11864406779661,0.7356488847325805,0.4710307027220649,54.23728813559322,0.447262359342473,0.27611249327017895,50.847457627118644,1.3943427331931912,0.6280902624087144,49.152542372881356,6.6749511805432284,1.256575102279367,-0.5145935228653027,-1.708261171412017,observation
industry_l2,l2_name,半导体,12,33.33333333333333,41.66666666666667,41.66666666666667,-2.3968287673278232,-0.9241582394512752,16.666666666666664,-2.0242755090342164,-0.472841671855665,50.0,0.6889612563190824,0.47539499632808735,50.0,6,50.0,50.0,50.0,-4.336189121448268,-2.249197270185468,0.0,-2.1542080471132583,-0.24834944859660255,50.0,-0.11002297198089235,0.517293582656794,50.0,6,16.666666666666664,33.33333333333333,33.33333333333333,-0.45746841320737813,0.1927147851643617,33.33333333333333,-1.8943429709551733,-0.40584600066864157,50.0,1.4879454846190574,-0.05863826626186309,50.0,19.46564885496183,7.471264367816087,-2.5976893561180727,-1.614658419986151,observation
size,market_cap_bucket,mv_q2,76,22.36842105263158,32.89473684210527,34.21052631578947,0.25425794610370006,-0.016926751974265273,51.31578947368421,0.4445251448567167,0.21309520164822432,53.94736842105263,1.9061489076926956,0.7507533008520025,48.68421052631579,26,23.076923076923077,34.61538461538461,46.15384615384615,0.19494129654860526,0.3035099593199866,42.30769230769231,0.00563037273432972,0.3721550817483529,50.0,2.7046036739388652,0.4896842628687618,30.76923076923077,50,22.0,32.0,28.000000000000004,0.2851026038723498,-0.3525781182313185,56.00000000000001,0.6727504263603578,-0.18433265338312965,56.00000000000001,1.4909524292446867,0.7290117745185501,57.99999999999999,15.619495008807984,2.1379310344827616,0.21693728980168503,-1.6116514753605216,observation
technical,pct_20d_bucket,pct20_0_10,147,23.12925170068027,33.33333333333333,28.57142857142857,-0.5962216287617169,0.6835765550101468,47.61904761904761,-0.5254572063841033,0.15991206240671235,46.93877551020408,2.471646157778179,0.5734876720100189,51.02040816326531,68,32.35294117647059,41.17647058823529,32.35294117647059,-1.67918933721091,0.3668877450071361,38.23529411764706,-1.8671817598807359,-0.03994904276090574,39.705882352941174,3.458277254070132,0.21866150233344034,45.588235294117645,79,15.18987341772152,26.582278481012654,25.31645569620253,0.3359531076249301,0.5866278959157065,55.69620253164557,0.6294449409294541,0.3296341645976145,53.16455696202531,1.6223940748939674,0.6982718094661874,55.69620253164557,1.818590031432418,-0.5456132693147104,0.9706108699329516,-1.480209829711241,observation
fundamental,q1_dt_yoy_bucket,q1_-30_0,21,19.047619047619047,9.523809523809524,14.285714285714285,0.810540202767135,0.20009954598095564,52.38095238095239,3.445028495533761,1.2140468701104723,52.38095238095239,8.297037687815749,1.31163501914035,52.38095238095239,11,27.27272727272727,18.181818181818183,0.0,0.08026986535054771,0.23369171613708253,45.45454545454545,2.8745702898066763,0.6866644111706295,45.45454545454545,14.311243075673804,1.3005409232313172,63.63636363636363,10,10.0,0.0,30.0,1.613837573925381,-0.07282535620212083,60.0,4.072532521833553,1.1103255894033546,60.0,1.681411761171886,0.31193077297251715,40.0,-30.53435114503817,4.137931034482758,11.823576691536624,-1.4211921434333223,observation
risk,risk_reasons,low_base_growth,46,21.73913043478261,26.08695652173913,26.08695652173913,0.6747878531277841,0.23869635606316422,54.347826086956516,2.692070069731746,1.1413696894684007,60.86956521739131,1.8308273421991605,0.8060382244600953,58.69565217391305,21,23.809523809523807,33.33333333333333,33.33333333333333,0.2756931856963206,0.49723697926237914,57.14285714285714,4.353078088198128,1.3086205088447254,57.14285714285714,1.866566078879827,1.0967490575505572,42.857142857142854,25,20.0,20.0,20.0,1.010027373770213,-0.14005373275913002,52.0,1.2968233342199853,0.10254343356322751,64.0,1.8008068033874007,0.034719537614969355,72.0,2.7989821882951595,-5.862068965517242,-0.6211003052573532,-1.3017971012178076,observation
industry_l1,l1_name,国防军工,13,15.384615384615385,53.84615384615385,38.46153846153847,-0.42925604754979035,-0.39078540933979206,38.46153846153847,-4.8642840398384415,-1.0699078174329788,30.76923076923077,-0.48096561361716533,0.49002961602223544,38.46153846153847,11,18.181818181818183,54.54545454545454,36.36363636363637,-1.0758951448268503,-1.392823553516427,27.27272727272727,-6.485370246107863,-2.5562270540354946,27.27272727272727,-0.9187358313691537,0.4009509057340645,36.36363636363637,2,0.0,50.0,50.0,3.12725898747404,,100.0,4.051690094643371,,50.0,1.926770584018771,,50.0,5.829285218598198,24.137931034482758,-3.406402215506334,-1.1758333205864373,observation
industry_l1,l1_name,房地产,4,50.0,50.0,75.0,-2.9796773212472663,-0.9079906785770961,25.0,-3.380108967161239,-0.13923853389566154,50.0,-4.4612888712735295,-0.3023239781220822,25.0,2,100.0,100.0,100.0,-5.957123164519031,,0.0,-11.163146538807306,,0.0,-10.951878933173514,,0.0,2,0.0,0.0,50.0,-0.0022314779755014946,,50.0,4.402928604484828,,100.0,2.0293011906264535,,50.0,69.46564885496183,24.137931034482758,-13.439545317310694,-1.0733027139787548,observation
industry_l2,l2_name,房地产开发,4,50.0,50.0,75.0,-2.9796773212472663,-0.9079906785770961,25.0,-3.380108967161239,-0.13923853389566154,50.0,-4.4612888712735295,-0.3023239781220822,25.0,2,100.0,100.0,100.0,-5.957123164519031,,0.0,-11.163146538807306,,0.0,-10.951878933173514,,0.0,2,0.0,0.0,50.0,-0.0022314779755014946,,50.0,4.402928604484828,,100.0,2.0293011906264535,,50.0,69.46564885496183,24.137931034482758,-13.439545317310694,-1.0733027139787548,observation
industry_l2,l2_name,稀有金属,5,20.0,20.0,20.0,1.0381519139400486,0.9461307822631028,60.0,2.6639786798433063,1.0030082683423645,60.0,7.475557814477254,1.1701771831011691,40.0,2,0.0,0.0,0.0,4.919653417935381,,100.0,9.387886691282626,,100.0,15.633737340064586,,50.0,3,33.33333333333333,33.33333333333333,33.33333333333333,-1.549515755390173,,33.33333333333333,-1.8186266611162398,,33.33333333333333,2.0367714640857,,33.33333333333333,-30.53435114503817,7.471264367816087,13.146070955927406,-1.0658324405195083,observation
technical,pct_20d_bucket,pct20_-10_0,6,0.0,33.33333333333333,33.33333333333333,1.1093544717557495,,50.0,-0.8395581825603323,,50.0,-0.008394026662653431,,33.33333333333333,2,0.0,0.0,50.0,-0.12196868008949113,,50.0,3.2516331096196716,,100.0,-4.577225950783005,,0.0,4,0.0,50.0,25.0,1.72501604767837,,50.0,-2.885153828650335,,25.0,2.2760219353975226,,50.0,19.46564885496183,-0.862068965517242,-7.064892334920184,-0.8265819692076857,observation
fundamental,q1_dt_yoy_bucket,q1_100_200,47,4.25531914893617,23.404255319148938,17.02127659574468,1.819662576840218,1.6222402094761776,48.93617021276596,0.6654881000159891,-0.12606937342722327,51.06382978723404,2.196743769419904,0.2983447782488461,57.446808510638306,18,5.555555555555555,22.22222222222222,22.22222222222222,1.386016536131126,1.079368097894373,50.0,-0.6939085558193319,-0.2224430138526906,50.0,1.6468868020633207,-0.14043279828366378,38.88888888888889,29,3.4482758620689653,24.137931034482758,13.793103448275861,2.0888221883148272,1.1872287538449207,48.275862068965516,1.5092515415689471,0.030953676021957078,51.724137931034484,2.53803430088261,0.875164296917674,68.96551724137932,-8.312128922815948,-12.06896551724138,-0.8407795820738595,-0.5645696037225982,observation
industry_l2,l2_name,电子制造,12,25.0,16.666666666666664,33.33333333333333,-1.8135526410485296,-0.6794709017018465,41.66666666666667,4.3453940584809265,0.9747251667692167,75.0,3.799736810458627,1.0915502381571223,50.0,4,50.0,25.0,25.0,-4.467020508350535,-1.3133900766712003,25.0,4.036128045859037,1.5484481177125973,75.0,5.991295932192926,1.8578048270795127,75.0,8,12.5,12.5,37.5,-0.4868187073975274,-0.3762554391357342,50.0,4.50002706479187,0.49171169481773047,75.0,2.703957249591477,0.5718560549502284,37.5,-5.534351145038169,11.637931034482758,3.5036295480557462,-0.3986466550137311,observation
data_quality,data_quality_bucket,90_plus,290,18.96551724137931,26.20689655172414,27.241379310344826,0.5190792019991238,0.9228318149644197,51.37931034482759,0.9859158977096752,1.0650871046157564,53.44827586206896,2.83125874416694,1.562019192776983,51.724137931034484,123,23.577235772357724,29.268292682926827,28.455284552845526,-0.1643601129460116,0.38134982769093767,44.71544715447154,0.50080052243869,0.4999864144783897,50.40650406504065,2.8830231958534847,0.8131000194398414,47.15447154471545,167,15.568862275449103,23.952095808383234,26.34730538922156,1.0224506734856607,0.9063951620577249,56.287425149700596,1.343216443567946,1.0911806420559187,55.688622754491014,2.793132830649305,1.5685200822732952,55.08982035928144,-2.0790665921926426,0.4852364237043183,0.39535681171630443,-0.30947107395590345,observation
industry_l2,l2_name,通信设备,7,28.57142857142857,28.57142857142857,28.57142857142857,-3.151611555026059,-1.6243167604861306,14.285714285714285,-2.536860682653546,-0.6507643094418056,57.14285714285714,-2.541031055602264,-0.2847791658207979,42.857142857142854,6,33.33333333333333,33.33333333333333,33.33333333333333,-3.4109217842856077,-1.3757271450732407,16.666666666666664,-3.004791638735909,-0.6629109513865737,50.0,-3.4523467125122855,-0.45293503585978095,33.33333333333333,1,0.0,0.0,0.0,-1.5957501794687643,,0.0,0.2707250538406304,,100.0,2.926862885857866,,100.0,2.7989821882951595,-25.862068965517242,-5.940013096649466,-0.17574101874734227,observation
technical,l4_flag_group,none,298,18.79194630872483,26.845637583892618,28.187919463087248,0.5435991751853794,0.9095936619202701,51.67785234899329,0.9387240643594232,1.0734618166612524,54.0268456375839,2.692778127391173,1.5277218751184636,50.33557046979866,128,23.4375,31.25,30.46875,-0.2537137412772015,0.3099046034749449,44.53125,0.06431634028612374,0.3858105800676454,50.78125,2.3073163842207274,0.6683080221248439,45.3125,170,15.294117647058824,23.52941176470588,26.47058823529412,1.1439289005219107,0.9555933231238962,57.05882352941176,1.597101644838143,1.3157330824966922,56.470588235294116,2.9830081457783306,1.6789923610284476,54.11764705882353,-0.06560114503816905,0.6085192697768775,-0.18034999991645284,-0.11959575882687767,observation
entry,entry_flag_group,可直接观察,301,18.6046511627907,26.245847176079735,27.57475083056478,0.6446662649149378,0.9691909685183884,51.49501661129568,1.029256188964624,1.1187069626497406,54.15282392026578,2.9114273018910946,1.6805606819810628,51.162790697674424,129,23.25581395348837,30.23255813953488,29.457364341085274,-0.35991512048397467,0.31135741050021803,44.18604651162791,0.0724189863043836,0.4109638428101188,50.3875968992248,2.712963043529162,0.807760380147168,46.51162790697674,172,15.11627906976744,23.25581395348837,26.16279069767442,1.398102303964122,1.0584189329242504,56.97674418604651,1.746884090959804,1.3857618602094,56.97674418604651,3.0602754956625438,1.7786684886571047,54.65116279069767,-1.0769868039528951,0.3007217321571787,0.22529665939198162,-0.04232840894266454,observation
technical,pct_5d_bucket,<NA>,305,18.688524590163937,26.557377049180324,27.86885245901639,0.6287054214352595,0.913713166534362,51.80327868852459,0.9799844759189401,1.0350346130355457,54.09836065573771,2.8384831990927104,1.5956887814008023,51.147540983606554,131,23.66412213740458,31.297709923664126,30.53435114503817,-0.38671976616385256,0.22048781862258948,44.274809160305345,-0.07523766583225558,0.2749164855242184,49.61832061068702,2.48766638413718,0.7079055213821146,45.80152671755725,174,14.942528735632186,22.988505747126435,25.862068965517242,1.3931922006047057,1.0477415714623413,57.47126436781609,1.774433329766105,1.383006217220479,57.47126436781609,3.1026039046052083,1.7690682588225393,55.172413793103445,0.0,0.0,0.0,0.0,observation
board,board,main,305,18.688524590163937,26.557377049180324,27.86885245901639,0.6287054214352595,0.913713166534362,51.80327868852459,0.9799844759189401,1.0350346130355457,54.09836065573771,2.8384831990927104,1.5956887814008023,51.147540983606554,131,23.66412213740458,31.297709923664126,30.53435114503817,-0.38671976616385256,0.22048781862258948,44.274809160305345,-0.07523766583225558,0.2749164855242184,49.61832061068702,2.48766638413718,0.7079055213821146,45.80152671755725,174,14.942528735632186,22.988505747126435,25.862068965517242,1.3931922006047057,1.0477415714623413,57.47126436781609,1.774433329766105,1.383006217220479,57.47126436781609,3.1026039046052083,1.7690682588225393,55.172413793103445,0.0,0.0,0.0,0.0,observation
rank,rank_bucket,top_1_5,111,14.414414414414415,26.126126126126124,27.927927927927925,1.2533572409323865,1.3379444912173317,53.153153153153156,1.172680575439031,1.1161376666467029,55.85585585585585,2.786329934463341,1.6113262918818212,48.64864864864865,51,17.647058823529413,27.450980392156865,25.49019607843137,0.31598219133684496,0.2158252144537103,45.09803921568628,0.12063556686573851,0.04108729921804332,52.94117647058824,2.3179927316662265,0.7711450303640938,43.13725490196079,60,11.666666666666666,25.0,30.0,2.0501260330885978,1.7971296777528925,60.0,2.06691883272633,1.453916292136334,58.333333333333336,3.18441655684089,1.4914775329415535,53.333333333333336,-5.044155066606798,4.137931034482758,-0.16967365247095367,0.08181265223568168,observation
expectation,esp_raw_bucket,esp_50_100,40,25.0,42.5,40.0,-1.0461845422064282,-0.29593712595578414,40.0,-1.4059193137371966,-1.0100546689050933,40.0,2.4484720254333725,0.2873544631000762,52.5,12,41.66666666666667,58.333333333333336,58.333333333333336,-2.5159890635577766,-0.50167802168275,33.33333333333333,-4.038192363757403,-1.5383750570732828,25.0,0.6266896458819092,-0.15536736544143784,41.66666666666667,28,17.857142857142858,35.714285714285715,32.142857142857146,-0.41626831877013615,0.031827504127080776,42.857142857142854,-0.27780229229996556,-0.2231599250370287,46.42857142857143,3.2292359023840005,0.5029222920439145,57.14285714285714,27.798982188295167,6.280788177339904,-1.860976738255271,0.1266319977787922,observation
expectation,esp_raw_bucket,esp_0_50,116,16.379310344827587,25.862068965517242,29.310344827586203,0.696929292651332,0.3793447632320055,52.58620689655172,1.0655470951400405,0.8118059791120854,54.310344827586206,2.779407332543537,1.0851823073228606,48.275862068965516,47,17.02127659574468,25.53191489361702,29.78723404255319,0.48837202331413215,0.37627906637516284,40.42553191489361,0.25730794866912443,0.47613670336081154,51.06382978723404,2.0544444965929407,0.27770478096696505,44.680851063829785,69,15.942028985507244,26.08695652173913,28.985507246376812,0.8389900413302945,0.19803515462463805,60.86956521739131,1.6160868036057372,0.6323372027734712,56.52173913043478,3.273222597611333,1.308592265609816,50.72463768115942,-0.7471171024849781,3.1234382808595704,-0.4332218875442395,0.17061869300612464,observation
risk,risk_reasons,none,259,18.146718146718147,26.640926640926644,28.185328185328185,0.6205208968875526,0.7717421524237877,51.35135135135135,0.675907497867245,0.5207040789258992,52.8957528957529,3.0174491041780516,1.5386383132938377,49.80694980694981,110,23.636363636363637,30.909090909090907,30.0,-0.5131804206098857,0.14945367004270452,41.81818181818181,-0.9206434006926013,-0.2604554967117218,48.18181818181818,2.6062400787772204,0.6073266215420783,46.36363636363636,149,14.093959731543624,23.48993288590604,26.845637583892618,1.457481601080292,0.871348399170785,58.38926174496645,1.8545692350590781,1.0727362687428317,56.375838926174495,3.321026237024303,1.7380959366972883,52.348993288590606,-0.534351145038169,0.9835686183753758,0.1185736946400402,0.2184223324190948,observation
size,market_cap_bucket,mv_q4_large,76,15.789473684210526,25.0,22.36842105263158,0.43387097715225775,0.9014720300426433,50.0,0.9490161307487677,0.6939438641755619,53.94736842105263,3.022454413709963,1.5558666756138644,48.68421052631579,39,15.384615384615385,23.076923076923077,17.94871794871795,0.03784043207421386,1.1074236914604418,51.28205128205128,0.43506536799061013,0.8541145971769407,53.84615384615385,2.668847994755126,0.9309102806313148,48.717948717948715,37,16.216216216216218,27.027027027027028,27.027027027027028,0.8513085787210067,0.15296686283710192,48.64864864864865,1.4907480158181772,0.2856253365214194,54.054054054054056,3.395174693148845,1.2079154207358913,48.64864864864865,-12.58563319632022,1.164958061509786,0.18118161061794558,0.2925707885436366,observation
technical,drawdown_20d_bucket,dd20_-20_-10,58,25.862068965517242,31.03448275862069,39.6551724137931,2.1151779350243314,0.4056358335040666,55.172413793103445,1.9410046348942913,0.014801976628877236,58.620689655172406,2.017015392548865,0.39775385738588453,39.6551724137931,21,52.38095238095239,47.61904761904761,57.14285714285714,-2.413384716863139,-0.577309558970081,23.809523809523807,0.15311936151430816,-0.25531361927843543,47.61904761904761,-0.7206245835439882,-0.03954192904932532,28.57142857142857,37,10.81081081081081,21.62162162162162,29.72972972972973,4.685443223933437,1.4288450779607993,72.97297297297297,2.9557503305964445,0.3837164234282777,64.86486486486487,3.57081105465562,0.7061484641573419,45.94594594594595,26.60850599781897,3.867660764212488,-3.2082909676811684,0.4682071500504117,observation
fundamental,q1_dt_yoy_bucket,q1_0_30,102,18.627450980392158,22.54901960784314,23.52941176470588,0.7018872432137655,0.6874652007356304,57.84313725490197,1.2445363569467829,0.954953259859013,61.76470588235294,3.0645019886171774,1.4885099721290056,53.92156862745098,41,21.951219512195124,26.82926829268293,26.82926829268293,-0.6580100873385459,0.22142874534787368,41.46341463414634,-0.2070991494161889,0.3329311099324156,60.97560975609756,2.192758310064102,0.9609860218338944,43.90243902439025,61,16.39344262295082,19.672131147540984,21.311475409836063,1.6159165965358109,0.7998763722789263,68.85245901639344,2.220225795649764,1.384487804373041,62.295081967213115,3.6504280676446528,1.3655876373171116,60.65573770491803,-3.7050828523552397,-4.5505935556811785,-0.2949080740730783,0.5478241630394445,observation
expectation,esp_raw_bucket,esp_100_200,42,16.666666666666664,26.190476190476193,26.190476190476193,0.7623919527611895,0.32822406013336336,47.61904761904761,1.93026017953317,0.7639211684159475,50.0,4.1773373210655835,0.9956781347216047,59.523809523809526,17,35.294117647058826,35.294117647058826,35.294117647058826,-0.8236370316930387,0.5375296410242101,35.294117647058826,1.741331956181467,0.7655823454238609,41.17647058823529,4.798769447202554,0.5302877462013124,52.94117647058824,25,4.0,20.0,20.0,1.8408916621900644,-0.19767581238462534,56.00000000000001,2.0587313714123283,0.08818002952467821,56.00000000000001,3.7547634752924437,1.0444277656448977,64.0,4.759766502020657,-5.862068965517242,2.311103063065374,0.6521595706872354,observation
industry_l2,l2_name,电源设备,2,0.0,0.0,0.0,4.894205054205052,,100.0,1.1213112813112815,,100.0,1.3111497649253114,,50.0,1,0.0,0.0,0.0,1.598241758241752,,100.0,0.719120879120876,,100.0,-1.203956043956029,,0.0,1,0.0,0.0,0.0,8.190168350168353,,100.0,1.523501683501687,,100.0,3.826255573806652,,100.0,-30.53435114503817,-25.862068965517242,-3.6916224280932095,0.7236516692014439,observation
size,market_cap_bucket,mv_q1_small,77,19.480519480519483,24.675324675324674,35.064935064935064,1.9164344672518048,0.47662904288019764,53.246753246753244,1.4687033335352726,0.17996849301973125,51.94805194805194,1.682208487316714,0.7439191042950681,45.45454545454545,27,40.74074074074074,44.44444444444444,48.148148148148145,-0.7178697129147025,-1.0543153666858973,37.03703703703704,-0.44932399279728125,-0.727644555411558,40.74074074074074,-2.2916993579779477,-0.7984095967171695,37.03703703703704,50,8.0,14.000000000000002,28.000000000000004,3.338958724541718,2.531932333702611,62.0,2.504438089754852,1.7730904689510645,57.99999999999999,3.828118723775832,1.3612558383256728,50.0,17.613797003109976,2.1379310344827616,-4.779365742115128,0.7255148191706238,observation
expectation,esp_raw_bucket,esp_lt_0,78,15.384615384615385,19.230769230769234,17.94871794871795,1.660123134118815,0.5966969743487411,61.53846153846154,1.3709115185188687,0.5263116755589122,61.53846153846154,4.078942782455554,2.1610683725314392,52.56410256410257,42,16.666666666666664,26.190476190476193,16.666666666666664,-0.07168028393042969,-0.011527236979697724,54.761904761904766,-0.7902643636326523,-0.2501706177930785,57.14285714285714,4.191508350867453,1.051019002683121,52.38095238095239,36,13.88888888888889,11.11111111111111,19.444444444444446,3.680560455176268,0.583157407267495,69.44444444444444,3.8922833810289754,3.2097895814646735,66.66666666666666,3.947616285975004,1.9494319786849998,52.77777777777778,-13.867684478371505,-6.417624521072796,1.7038419667302729,0.8450123813697958,observation
score,final_score_bucket_fine,70_75,127,12.598425196850393,24.409448818897637,21.25984251968504,1.420649082482103,0.4388555411087711,58.26771653543307,0.8556362676881003,0.29131191775604637,59.84251968503938,4.024149333388107,1.2210565003114486,53.54330708661418,58,15.517241379310345,29.310344827586203,20.689655172413794,-0.09242496599805083,0.6402641887071953,51.724137931034484,-1.0596057814910156,0.1731417925893697,53.44827586206896,4.057390324778215,0.5917059613171088,53.44827586206896,69,10.144927536231885,20.28985507246377,21.73913043478261,2.692508427581363,0.008283610358891875,63.76811594202898,2.465549874244459,0.2587946567780625,65.21739130434783,3.9962076304804794,1.0429924009875746,53.62318840579711,-9.844695972624375,-4.122938530734633,1.5697239406410346,0.8936037258752711,observation
size,market_cap_bucket,mv_q3,76,17.105263157894736,23.684210526315788,19.736842105263158,-0.1066855080011526,0.051416572450279384,52.63157894736842,1.051262783250579,0.8032290410492758,56.57894736842105,4.758335128595892,2.054158108007333,61.8421052631579,39,20.51282051282051,28.205128205128204,20.51282051282051,-0.9697963507673278,-0.22230488525428632,43.58974358974359,-0.3804698836211605,0.12033465670369425,51.28205128205128,5.470651581269609,1.1515729799506726,58.97435897435898,37,13.513513513513514,18.91891891891892,18.91891891891892,0.8030799749145459,0.2202467193494109,62.16216216216216,2.5603864050883582,0.9157868095908714,62.16216216216216,4.007515083885758,1.7255470818111902,64.86486486486487,-10.021530632217658,-6.943150046598323,2.9829851971324284,0.9049111792805493,observation
industry_l1,l1_name,通信,12,25.0,25.0,25.0,-1.8311109110726729,-1.0091886947981337,41.66666666666667,0.48312700854961776,-0.10726547417665683,66.66666666666666,-1.5350901462406223,-0.31682969341633627,50.0,10,30.0,30.0,30.0,-2.4147549090151297,-1.2994227128758202,40.0,0.16171398943498688,-0.21483524220334393,60.0,-2.6561384759948155,-0.6867982423254048,40.0,2,0.0,0.0,0.0,1.0871090786396134,,50.0,2.0901921041227722,,100.0,4.070151502530344,,100.0,-0.534351145038169,-25.862068965517242,-5.143804860131995,0.9675475979251353,observation
technical,drawdown_20d_bucket,dd20_-5_0,154,14.285714285714285,24.025974025974026,21.428571428571427,0.4164146872400108,1.4204328817259761,51.94805194805194,1.2921213107300484,2.221860790081809,55.84415584415584,4.554054600861612,2.505832484690499,56.493506493506494,75,14.666666666666666,25.333333333333336,20.0,0.14183472884980217,0.9373137540037713,50.66666666666667,0.5118023661555036,1.2737476882582888,53.333333333333336,4.9322453898882825,1.3676018232718972,54.666666666666664,79,13.924050632911392,22.78481012658228,22.78481012658228,0.6770918629269178,1.0271070893429748,53.16455696202531,2.0329304353261355,2.1708104913509425,58.22784810126582,4.195012712545153,2.2855456778071357,58.22784810126582,-10.534351145038169,-3.077258838934963,2.4445790057511023,1.0924088079399445,observation
industry_l1,l1_name,有色金属,31,16.129032258064516,35.483870967741936,12.903225806451612,2.0877445363371443,1.162926073562568,58.06451612903226,1.3147805679994862,0.9248450478512718,51.61290322580645,8.055067371614108,2.7077542114494064,67.74193548387096,10,10.0,40.0,0.0,2.4345914364773584,0.9425986441997066,60.0,1.6052836978810265,0.1538251098676647,50.0,16.14683901730873,2.155286807767845,70.0,21,19.047619047619047,33.33333333333333,19.047619047619047,1.9225793457941853,0.7188803404015818,57.14285714285714,1.1764457442463718,1.1259499430989952,52.38095238095239,4.201842778426196,1.7232825852124636,66.66666666666666,-30.53435114503817,-6.8144499178981945,13.659172633171549,1.0992388738209873,observation
industry_l1,l1_name,电子,40,27.500000000000004,30.0,35.0,-0.6922693426762685,-0.5633015429435443,40.0,2.5104534816105946,0.39117569694778526,62.5,2.7977108033137235,0.9380852640742833,50.0,18,50.0,44.44444444444444,44.44444444444444,-3.9971980812786194,-0.9849745173810763,16.666666666666664,0.1832889607086894,0.6700294618642296,55.55555555555556,1.0239841787682984,0.7725514369781884,55.55555555555556,22,9.090909090909092,18.181818181818183,27.27272727272727,2.0117632616347456,-0.21429772089129692,59.09090909090909,4.4144971805303355,0.09281404001957481,68.18181818181817,4.248941677941798,0.5874256458388639,45.45454545454545,13.910093299406274,1.4106583072100278,-1.4636822053688818,1.1463377733365898,observation
industry_l2,l2_name,生物制品,3,33.33333333333333,0.0,66.66666666666666,0.02611105068971901,0.006614058487774066,33.33333333333333,-1.9148905030571015,-2.0692550106703576,0.0,0.963095576268751,0.15027998842189122,33.33333333333333,1,0.0,0.0,100.0,-2.012597664115985,,0.0,-2.0931453886427542,,0.0,-5.798340716874746,,0.0,2,50.0,0.0,50.0,1.045465408092571,,50.0,-1.825763060264275,,0.0,4.343813722840499,,50.0,69.46564885496183,24.137931034482758,-8.286007101011926,1.241209818235291,observation
technical,pct_20d_bucket,pct20_10_20,152,15.131578947368421,19.736842105263158,26.973684210526315,1.79436582983679,0.7322502649024986,55.92105263157895,2.5077291025598814,0.9577928899809626,61.18421052631579,3.3056299650648704,1.1634151793391307,51.973684210526315,61,14.754098360655737,21.311475409836063,27.86885245901639,1.0453856216894457,0.03446183207057769,50.81967213114754,1.8132616266987742,-0.02257451124882736,59.01639344262295,1.6373097532256984,0.12118168397103339,47.540983606557376,91,15.384615384615385,18.681318681318682,26.373626373626376,2.2964294858476473,0.9601294517902353,59.34065934065934,2.9732512567085347,1.5349121632328078,62.637362637362635,4.423954502671349,1.6908834475644408,54.94505494505495,-2.6654986860217775,0.5115574081091339,-0.8503566309114818,1.3213505980661409,observation
industry_l2,l2_name,工业金属,23,17.391304347826086,39.130434782608695,13.043478260869565,1.5718912715535154,1.0533545650207754,52.17391304347826,0.8392193414119667,1.2454307172601966,47.82608695652174,8.42157429826327,2.8568340612665604,73.91304347826086,6,16.666666666666664,50.0,0.0,-0.08833686125663531,0.6572050557226726,33.33333333333333,-0.9668894493390652,0.33928355397654664,33.33333333333333,18.63072857262581,2.245848683633431,83.33333333333334,17,17.647058823529413,35.294117647058826,17.647058823529413,2.1578541419570985,0.7790015142987999,58.82352941176471,1.4766695028535073,1.2932249607610518,52.94117647058824,4.81834337790002,1.9679553777229453,70.58823529411765,-30.53435114503817,-8.215010141987829,16.143062188488628,1.715739473294812,observation
rank,rank_bucket,top_11_15,92,19.565217391304348,19.565217391304348,23.91304347826087,0.39317055734158046,0.4027683221728383,52.17391304347826,1.665475470158796,1.3670916448101815,56.52173913043478,4.232026072877791,2.08572667810261,58.69565217391305,37,27.027027027027028,27.027027027027028,29.72972972972973,-1.0765650120339278,-0.6170977536207295,43.24324324324324,-0.13848775567317181,0.40875282410224745,45.94594594594595,3.319581999251412,0.8144095212007171,51.35135135135135,55,14.545454545454545,14.545454545454545,20.0,1.3819017585578315,0.7429212885538784,58.18181818181818,2.8790507311730287,1.504003190561019,63.63636363636363,4.845852086044627,2.254924157241231,63.63636363636363,-0.8046214153084392,-5.862068965517242,0.831915615114232,1.743248181439419,observation
industry_l2,l2_name,动物保健,1,0.0,0.0,0.0,1.317832512315258,,100.0,11.82686371100164,,100.0,4.930311986863716,,100.0,0,,,,,,,,,,,,,1,0.0,0.0,0.0,1.317832512315258,,100.0,11.82686371100164,,100.0,4.930311986863716,,100.0,,-25.862068965517242,,1.8277080822585074,observation
industry_l2,l2_name,其他交运设备,2,50.0,0.0,0.0,-8.176992830352354,,50.0,5.769757864924867,,100.0,5.203755432517703,,100.0,0,,,,,,,,,,,,,2,50.0,0.0,0.0,-8.176992830352354,,50.0,5.769757864924867,,100.0,5.203755432517703,,100.0,,-25.862068965517242,,2.1011515279124944,observation
industry_l2,l2_name,通信运营,5,20.0,20.0,20.0,0.017589990462068085,0.0073364637845236245,80.0,4.711109776234047,0.46084942746026974,80.0,-0.1267728731343242,-0.03044233165694864,60.0,4,25.0,25.0,25.0,-0.9205045961094126,-0.3231492233454877,75.0,4.9114724316913305,0.37222590802422173,75.0,-1.4618261212186106,-0.2870601953511409,50.0,1,0.0,0.0,0.0,3.769968336747991,,100.0,3.909659154404914,,100.0,5.213440119202821,,100.0,-5.534351145038169,-25.862068965517242,-3.9494925053557908,2.110836214597613,observation
industry_l1,l1_name,电气设备,5,0.0,20.0,0.0,5.917006609931006,1.512105803263979,100.0,1.638552417504671,0.7552855720097567,60.0,3.93186375105065,0.8823204654970118,40.0,1,0.0,0.0,0.0,1.598241758241752,,100.0,0.719120879120876,,100.0,-1.203956043956029,,0.0,4,0.0,25.0,0.0,6.99669782285332,1.4363729366011162,100.0,1.8684103021006195,0.6787400077177841,50.0,5.215818699802321,0.9470040811832108,50.0,-30.53435114503817,-25.862068965517242,-3.6916224280932095,2.1132147951971123,observation
fundamental,q1_dt_yoy_bucket,q1_200_plus,22,9.090909090909092,22.727272727272727,18.181818181818183,2.83037577908559,0.7399283971968085,68.18181818181817,6.174044864761759,1.6855108720365666,68.18181818181817,6.3422988920639805,2.2496905439138764,77.27272727272727,10,0.0,20.0,20.0,3.9658729743553423,1.2239672908330337,80.0,10.49285137638184,1.6541200685427657,70.0,7.407181314045673,2.0746022378712614,70.0,12,16.666666666666664,25.0,16.666666666666664,1.884128116360796,0.08816383823440237,58.333333333333336,2.575039438411693,0.6006453186348836,66.66666666666666,5.4548968737459065,1.1054485376912924,83.33333333333334,-10.534351145038169,-9.195402298850578,4.919514929908493,2.352292969140698,observation
industry_l2,l2_name,电机,3,0.0,33.33333333333333,0.0,6.598874313748309,1.1621120136528864,100.0,1.983379841633597,0.31589740391029475,33.33333333333333,5.679006408467543,0.6857160654948802,33.33333333333333,0,,,,,,,,,,,,,3,0.0,33.33333333333333,0.0,6.598874313748309,1.1621120136528864,100.0,1.983379841633597,0.31589740391029475,33.33333333333333,5.679006408467543,0.6857160654948802,33.33333333333333,,-25.862068965517242,,2.5764025038623344,observation
industry_l2,l2_name,种植业,2,0.0,0.0,0.0,6.075639981908636,,100.0,0.7119583898688321,,100.0,5.846301380796565,,100.0,0,,,,,,,,,,,,,2,0.0,0.0,0.0,6.075639981908636,,100.0,0.7119583898688321,,100.0,5.846301380796565,,100.0,,-25.862068965517242,,2.743697476191357,observation
industry_l1,l1_name,综合,5,20.0,0.0,20.0,7.678375615802409,1.0985121657236978,60.0,7.486962832896159,1.214387110464027,60.0,4.541946677147095,0.9569275339536347,60.0,1,100.0,0.0,0.0,-8.503949044585974,,0.0,-4.682292993630572,,0.0,-0.860636942675148,,0.0,4,0.0,0.0,25.0,11.723956780899504,1.593204494520222,75.0,10.529276789527843,1.5209786241773975,75.0,5.892592582102656,1.0031264116045193,75.0,-30.53435114503817,-0.862068965517242,-3.3483033268123283,2.789988677497448,observation
industry_l2,l2_name,综合,5,20.0,0.0,20.0,7.678375615802409,1.0985121657236978,60.0,7.486962832896159,1.214387110464027,60.0,4.541946677147095,0.9569275339536347,60.0,1,100.0,0.0,0.0,-8.503949044585974,,0.0,-4.682292993630572,,0.0,-0.860636942675148,,0.0,4,0.0,0.0,25.0,11.723956780899504,1.593204494520222,75.0,10.529276789527843,1.5209786241773975,75.0,5.892592582102656,1.0031264116045193,75.0,-30.53435114503817,-0.862068965517242,-3.3483033268123283,2.789988677497448,observation
score,final_score_bucket_fine,60_70,38,13.157894736842104,26.31578947368421,18.421052631578945,0.37843737774703,0.12282346352543667,50.0,1.4163890654243207,0.12923201650587463,55.26315789473685,5.427767215950085,0.8363604244989704,63.1578947368421,13,23.076923076923077,46.15384615384615,23.076923076923077,-0.6107052827439221,0.155702897987216,30.76923076923077,-1.2462438033722618,-0.35434826048667134,38.46153846153847,4.163842705775489,0.44897479638271515,53.84615384615385,25,8.0,16.0,16.0,0.8927915612023248,-0.03988584313201921,60.0,2.800958157198544,0.47069017166215377,64.0,6.085007961240874,0.6957259251045106,68.0,-7.457428068115092,-9.862068965517242,1.6761763216383092,2.9824040566356653,observation
industry_l2,l2_name,光学光电子,6,16.666666666666664,16.666666666666664,16.666666666666664,1.3528445292924969,0.47991354603897113,66.66666666666666,7.7644985003043985,1.4633986323996804,83.33333333333334,7.206576969873407,1.6272850056280936,66.66666666666666,2,50.0,50.0,0.0,-4.0684918799600585,,50.0,2.319157907184521,,50.0,9.272073500814619,,100.0,4,0.0,0.0,25.0,4.063512733918774,1.861913215775026,75.0,10.487168796864337,3.9290197896690353,100.0,6.1738287044027995,0.8947434903027103,50.0,-30.53435114503817,-0.862068965517242,6.784407116677439,3.071224799797591,observation
industry_l2,l2_name,证券,8,0.0,12.5,12.5,2.523712156080728,1.246042003060167,75.0,4.623211636331796,1.4527598825781771,87.5,5.2411261815258685,1.1562118701146347,75.0,1,0.0,0.0,0.0,15.00095534787123,,100.0,6.745503634475596,,100.0,-2.28876427829698,,0.0,7,0.0,14.285714285714285,14.285714285714285,0.7412488429677992,0.7912544598968388,71.42857142857143,4.320027065168395,1.0715231021090859,85.71428571428571,6.3168248186434175,1.365913018580676,85.71428571428571,-30.53435114503817,-11.576354679802957,-4.77643066243416,3.214220914038209,observation
score,final_score_bucket_fine,80_85,28,10.714285714285714,14.285714285714285,17.857142857142858,2.0853504793408564,1.474124462187571,67.85714285714286,2.595937265742276,1.412222905876261,64.28571428571429,4.153917619788594,1.4393751706157827,57.14285714285714,7,14.285714285714285,14.285714285714285,28.57142857142857,0.70486722035635,0.8029007600125485,57.14285714285714,0.7585486147986488,0.7251061598868801,71.42857142857143,-2.7052330699836857,-1.6383224084641135,28.57142857142857,21,9.523809523809524,14.285714285714285,14.285714285714285,2.5455115656690257,1.2303794891523843,71.42857142857143,3.208400149390152,1.2321865038024558,61.904761904761905,6.44030118304602,1.970488351022827,66.66666666666666,-1.9629225736095997,-11.576354679802957,-5.192899454120866,3.3376972784408117,observation
industry_l2,l2_name,其他电子,1,0.0,0.0,0.0,14.495172413793128,,100.0,10.123251231527114,,100.0,6.613399014778336,,100.0,0,,,,,,,,,,,,,1,0.0,0.0,0.0,14.495172413793128,,100.0,10.123251231527114,,100.0,6.613399014778336,,100.0,,-25.862068965517242,,3.510795110173128,observation
entry,entry_flag_group,资金流背离,4,25.0,50.0,50.0,-0.5723480504105272,-0.23101859609415235,75.0,-2.727711930768745,-0.6078074833045839,50.0,-2.650560536485645,-0.4140232182100932,50.0,2,50.0,100.0,100.0,-2.1156194125159744,,50.0,-9.599091728645487,,0.0,-12.043968146645636,,0.0,2,0.0,0.0,0.0,0.9709233116949203,,100.0,4.143667867107997,,100.0,6.742847073674345,,100.0,69.46564885496183,-25.862068965517242,-14.531634530782815,3.640243169069137,observation
industry_l2,l2_name,专用设备,10,40.0,40.0,0.0,-2.2817409423598676,-0.7318041975607035,20.0,0.9293456062914792,-0.07703151656632204,30.0,7.932402559130272,1.7186280066615591,60.0,4,50.0,75.0,0.0,-8.052250382789143,-1.9501508716472333,0.0,-9.627437100473221,-2.3174385738693357,25.0,8.021919094308991,1.0436594625965816,50.0,6,33.33333333333333,16.666666666666664,0.0,1.5652653512596497,0.19363848637460268,33.33333333333333,7.967200744134614,0.9296440519702829,33.33333333333333,7.872724869011123,1.2354614796184729,66.66666666666666,-30.53435114503817,-25.862068965517242,5.5342527101718115,4.7701209644059155,observation
industry_l1,l1_name,食品饮料,3,0.0,0.0,33.33333333333333,0.7150716191298486,0.6543145140455215,66.66666666666666,-0.0951333955533032,-0.08604717896963135,33.33333333333333,2.4649168411793214,0.30923793722611204,33.33333333333333,1,0.0,0.0,100.0,0.1445298819946751,,100.0,-0.4772186270777755,,0.0,-8.902545362263677,,0.0,2,0.0,0.0,0.0,1.0003424876974354,,50.0,0.095909220208933,,50.0,8.148647942900821,,50.0,69.46564885496183,-25.862068965517242,-11.390211746400857,5.046044038295612,observation
industry_l2,l2_name,食品加工,3,0.0,0.0,33.33333333333333,0.7150716191298486,0.6543145140455215,66.66666666666666,-0.0951333955533032,-0.08604717896963135,33.33333333333333,2.4649168411793214,0.30923793722611204,33.33333333333333,1,0.0,0.0,100.0,0.1445298819946751,,100.0,-0.4772186270777755,,0.0,-8.902545362263677,,0.0,2,0.0,0.0,0.0,1.0003424876974354,,50.0,0.095909220208933,,50.0,8.148647942900821,,50.0,69.46564885496183,-25.862068965517242,-11.390211746400857,5.046044038295612,observation
technical,l4_flag_group,突破型,7,14.285714285714285,14.285714285714285,14.285714285714285,4.251799904644449,0.7559777040082656,57.14285714285714,2.7364991394526634,0.7612875143168978,57.14285714285714,9.041356251529631,1.5382709365076392,85.71428571428571,3,33.33333333333333,33.33333333333333,33.33333333333333,-6.061643494660957,-0.8450408992074876,33.33333333333333,-6.029541926883112,-1.9582489999362247,0.0,10.182599713905823,0.7274258976757978,66.66666666666666,4,0.0,0.0,0.0,11.986882454123503,1.9331348452156256,75.0,9.311029939204495,3.5539552687270537,100.0,8.185423654747487,1.7307057152393135,100.0,2.7989821882951595,-25.862068965517242,7.694933329768643,5.082819750142278,observation
industry_l1,l1_name,纺织服装,2,50.0,50.0,50.0,-9.999014617077702,,0.0,-7.602575766126753,,0.0,-1.7670319995485038,,50.0,1,100.0,100.0,100.0,-18.777021276595725,,0.0,-11.862127659574458,,0.0,-11.862127659574458,,0.0,1,0.0,0.0,0.0,-1.2210079575596786,,0.0,-3.3430238726790478,,0.0,8.32806366047745,,100.0,69.46564885496183,-25.862068965517242,-14.349794043711638,5.225459755872242,observation
industry_l2,l2_name,服装家纺,2,50.0,50.0,50.0,-9.999014617077702,,0.0,-7.602575766126753,,0.0,-1.7670319995485038,,50.0,1,100.0,100.0,100.0,-18.777021276595725,,0.0,-11.862127659574458,,0.0,-11.862127659574458,,0.0,1,0.0,0.0,0.0,-1.2210079575596786,,0.0,-3.3430238726790478,,0.0,8.32806366047745,,100.0,69.46564885496183,-25.862068965517242,-14.349794043711638,5.225459755872242,observation
industry_l2,l2_name,家用轻工,1,0.0,0.0,0.0,5.320769230769233,,100.0,5.032307692307696,,100.0,8.3976923076923,,100.0,0,,,,,,,,,,,,,1,0.0,0.0,0.0,5.320769230769233,,100.0,5.032307692307696,,100.0,8.3976923076923,,100.0,,-25.862068965517242,,5.295088403087091,observation
industry_l1,l1_name,非银金融,16,12.5,12.5,12.5,3.012849948206147,1.232810531072994,75.0,3.9229410594594865,1.6948665936844467,75.0,7.182427644404218,1.7118619252804737,62.5,6,33.33333333333333,16.666666666666664,16.666666666666664,1.7616089016594325,0.20957512846544554,66.66666666666666,0.7055511258035505,-0.14179374475214168,50.0,4.371256414167401,0.756922000646121,33.33333333333333,10,0.0,10.0,10.0,3.763594576134176,1.785581340337955,80.0,5.853375019653049,2.372258821259584,90.0,8.869130382546306,2.0396989581088376,80.0,-13.867684478371505,-15.862068965517242,1.8835900300302204,5.766526477941097,observation
industry_l2,l2_name,地面兵装,1,0.0,0.0,0.0,6.150367031551856,,100.0,13.169040566645233,,100.0,8.919201545396032,,100.0,0,,,,,,,,,,,,,1,0.0,0.0,0.0,6.150367031551856,,100.0,13.169040566645233,,100.0,8.919201545396032,,100.0,,-25.862068965517242,,5.816597640790823,observation
data_quality,data_quality_bucket,75_90,15,13.333333333333334,33.33333333333333,40.0,2.748145663867218,0.31440907426724524,60.0,0.8653103212980623,0.19133857680579483,66.66666666666666,2.9781559943242732,0.5911007229836378,40.0,8,25.0,62.5,62.5,-3.805499434388154,-0.7619331363804133,37.5,-8.931824810498044,-1.2895849416881278,37.5,-3.5909445960010142,-1.5069640134908204,25.0,7,0.0,0.0,14.285714285714285,10.238025776159073,,85.71428571428571,12.0620361862079,,100.0,10.485699526124602,,57.14285714285714,31.96564885496183,-11.576354679802957,-6.078610980138194,7.383095621519393,observation
industry_l2,l2_name,元件,9,33.33333333333333,44.44444444444444,44.44444444444444,0.02461817821304282,0.3607182061913822,44.44444444444444,1.7616082708566398,0.6124789107454022,44.44444444444444,0.9101327219108494,0.4041218579448844,33.33333333333333,6,50.0,50.0,66.66666666666666,-3.3212274901672143,-0.9352014178208811,16.666666666666664,-0.7597297370615386,0.12571949320128542,50.0,-3.9029129467810364,-0.7820061081850931,33.33333333333333,3,0.0,33.33333333333333,0.0,6.716309514973556,1.1260578185208163,100.0,6.804284286692997,0.5506292177150304,33.33333333333333,10.53622405929462,0.7453055463286361,33.33333333333333,36.132315521628485,-25.862068965517242,-6.390579330918216,7.433620154689411,observation
industry_l1,l1_name,机械设备,21,23.809523809523807,23.809523809523807,14.285714285714285,3.264635400200523,0.8864147555304513,47.61904761904761,5.672485348062928,1.1448502868839372,57.14285714285714,8.46184036576033,2.3845506836385257,61.904761904761905,11,27.27272727272727,36.36363636363637,27.27272727272727,-1.0141528808232465,-0.062102516769378634,36.36363636363637,1.9369568639856127,0.06261443437410041,63.63636363636363,5.919495915176257,1.307381444998407,54.54545454545454,10,20.0,10.0,0.0,7.971302509326668,1.1296612141843865,60.0,9.781566680547973,1.6049162439962934,50.0,11.25841926140281,2.269647049927688,70.0,-3.2616238723108992,-25.862068965517242,3.4318295310390767,8.155815356797602,observation
industry_l1,l1_name,农林牧渔,8,25.0,37.5,37.5,0.23623505164119152,-0.1030837063547757,62.5,-2.2517034788982047,-0.47688421815029325,50.0,2.5176268873152123,0.587783913511695,62.5,4,25.0,75.0,75.0,-0.8756413490840813,,50.0,-9.141842821221974,,0.0,-7.535336023594892,,25.0,4,25.0,0.0,0.0,1.3481114523664643,0.26197892036773485,75.0,4.638435863425565,2.216246608177995,100.0,12.570589798225317,1.7171865243667086,100.0,44.46564885496183,-25.862068965517242,-10.023002407732072,9.467985893620108,observation
industry_l1,l1_name,建筑材料,3,0.0,0.0,0.0,3.9745725297874657,0.8002838538047217,33.33333333333333,4.841592091232632,7.78085505745046,100.0,8.358970781052486,0.8938942879856969,33.33333333333333,1,0.0,0.0,0.0,-1.4322646310432738,,0.0,4.102086513994911,,100.0,-0.9233587786259776,,0.0,2,0.0,0.0,0.0,6.677991110202836,,50.0,5.211344879851492,,100.0,13.000135560891717,,50.0,-30.53435114503817,-25.862068965517242,-3.411025162763158,9.897531656286509,observation
fundamental,q1_dt_yoy_bucket,q1_lt_-100,11,27.27272727272727,36.36363636363637,27.27272727272727,-0.525912935799971,-0.3431444311885032,36.36363636363637,-1.1382662299034012,-0.0059254359585034656,45.45454545454545,3.6697974145912995,0.8539898496317827,45.45454545454545,6,50.0,66.66666666666666,33.33333333333333,-5.7632898914362025,-2.0414517309746496,16.666666666666664,-10.838155304521,-5.040465076032259,0.0,-4.312309797023864,-1.228101906596639,33.33333333333333,5,0.0,0.0,20.0,5.7589394109635075,1.1854014783166098,60.0,10.501600659637717,1.7169494243313688,100.0,13.248326068529497,1.8115183804613495,60.0,2.7989821882951595,-5.862068965517242,-6.799976181161044,10.145722163924288,observation
industry_l2,l2_name,保险,4,25.0,25.0,0.0,0.2548402060721866,0.08544383092135811,75.0,1.246368509109518,0.4203351310960898,50.0,12.936235014903462,1.4568977126569032,75.0,3,33.33333333333333,33.33333333333333,0.0,-0.9023200037282105,-0.232104411148987,66.66666666666666,-0.3792322178374245,-0.1081342194225557,33.33333333333333,12.513653762951812,0.9976603016730539,66.66666666666666,1,0.0,0.0,0.0,3.726320835473378,,100.0,6.123170689950346,,100.0,14.203978770758413,,100.0,-30.53435114503817,-25.862068965517242,10.025987378814632,11.101374866153204,observation
score,final_score_bucket_fine,85_90,4,0.0,0.0,0.0,8.031628058766964,2.3817374869383094,100.0,12.053851606748754,1.964634594897557,100.0,14.539894035418554,2.640889682731223,100.0,0,,,,,,,,,,,,,4,0.0,0.0,0.0,8.031628058766964,2.3817374869383094,100.0,12.053851606748754,1.964634594897557,100.0,14.539894035418554,2.640889682731223,100.0,,-25.862068965517242,,11.437290130813345,observation
industry_l2,l2_name,多元金融,4,25.0,0.0,25.0,6.7491352745909445,1.2147126769912073,75.0,5.198972456064837,1.071663259453362,75.0,5.311223199661668,0.5850520851193916,25.0,2,50.0,0.0,50.0,-0.862170963365001,,50.0,-0.6872501130710092,,50.0,-4.512329262777022,,0.0,2,0.0,0.0,0.0,14.36044151254689,,100.0,11.085195025200683,,100.0,15.134775662100358,,50.0,19.46564885496183,-25.862068965517242,-6.999995646914202,12.03217175749515,observation
industry_l2,l2_name,通用机械,9,11.11111111111111,11.11111111111111,33.33333333333333,9.054466695072868,1.7867602483833567,66.66666666666666,11.316439622895906,2.098423688055653,77.77777777777779,8.287966996796532,1.2565920559936568,55.55555555555556,5,20.0,20.0,60.0,2.233753453989407,0.5405202660384685,40.0,10.367098853078222,1.070223834133175,80.0,1.8487719142414865,0.45021888261725473,40.0,4,0.0,0.0,0.0,17.580358246427195,,100.0,12.50311558516801,,75.0,16.336960849990337,,75.0,29.46564885496183,-25.862068965517242,-0.6388944698956938,13.234356945385128,observation
industry_l1,l1_name,计算机,5,0.0,0.0,20.0,2.567275706849357,1.231969130290845,60.0,0.8709668397206081,0.7194691477643904,40.0,9.52638775288399,1.3518020958110775,60.0,2,0.0,0.0,50.0,1.7803591432700705,,50.0,-3.921871660503419,,0.0,-6.740043455247947,,0.0,3,0.0,0.0,0.0,3.0918867492355475,0.9850485605010941,66.66666666666666,4.066192506536626,1.3892818233316013,66.66666666666666,20.37067522497195,1.9391782314036443,100.0,19.46564885496183,-25.862068965517242,-9.227709839385128,17.268071320366744,observation
industry_l2,l2_name,计算机设备,5,0.0,0.0,20.0,2.567275706849357,1.231969130290845,60.0,0.8709668397206081,0.7194691477643904,40.0,9.52638775288399,1.3518020958110775,60.0,2,0.0,0.0,50.0,1.7803591432700705,,50.0,-3.921871660503419,,0.0,-6.740043455247947,,0.0,3,0.0,0.0,0.0,3.0918867492355475,0.9850485605010941,66.66666666666666,4.066192506536626,1.3892818233316013,66.66666666666666,20.37067522497195,1.9391782314036443,100.0,19.46564885496183,-25.862068965517242,-9.227709839385128,17.268071320366744,observation
industry_l2,l2_name,水泥制造,1,0.0,0.0,0.0,-0.5380718336483968,,0.0,6.0781852551984805,,100.0,27.061172022684325,,100.0,0,,,,,,,,,,,,,1,0.0,0.0,0.0,-0.5380718336483968,,0.0,6.0781852551984805,,100.0,27.061172022684325,,100.0,,-25.862068965517242,,23.958568118079118,observation
industry_l1,l1_name,轻工制造,5,20.0,0.0,40.0,2.2706623747121872,,80.0,6.737328627186043,,100.0,12.663267883691617,,60.0,2,50.0,0.0,100.0,-0.5608975317875862,,50.0,6.740523560209426,,100.0,-9.231802543006737,,0.0,3,0.0,0.0,0.0,4.1583689790453695,,100.0,6.7351986718371215,,100.0,27.25998150149052,,100.0,69.46564885496183,-25.862068965517242,-11.719468927143916,24.15737759688531,observation
industry_l2,l2_name,饲料,3,66.66666666666666,66.66666666666666,66.66666666666666,-5.44421216090725,-2.1924880949842582,0.0,-7.704230084589124,-1.1838705040823752,33.33333333333333,2.777969830404922,0.17609186505105973,33.33333333333333,2,50.0,100.0,100.0,-4.127984908027539,,0.0,-14.207826608365165,,0.0,-12.66276747661483,,0.0,1,100.0,0.0,0.0,-8.076666666666672,,0.0,5.302962962962958,,100.0,33.659444444444425,,100.0,69.46564885496183,-25.862068965517242,-15.15043386075201,30.556840539839218,observation
industry_l2,l2_name,包装印刷,4,25.0,0.0,50.0,1.5081356606979253,,75.0,7.16358386090563,,100.0,13.729661777691447,,50.0,2,50.0,0.0,100.0,-0.5608975317875862,,50.0,6.740523560209426,,100.0,-9.231802543006737,,0.0,2,0.0,0.0,0.0,3.5771688531834367,,100.0,7.586644161601834,,100.0,36.69112609838963,,100.0,69.46564885496183,-25.862068965517242,-11.719468927143916,33.58852219378442,observation
industry_l2,l2_name,畜禽养殖,2,0.0,50.0,50.0,2.376702209859376,,100.0,-4.075859034078784,,0.0,-2.4079045705749547,,50.0,2,0.0,50.0,50.0,2.376702209859376,,100.0,-4.075859034078784,,0.0,-2.4079045705749547,,50.0,0,,,,,,,,,,,,,19.46564885496183,,-4.895570954712134,,observation
industry_l1,l1_name,家用电器,1,0.0,0.0,0.0,2.1264019253910904,,100.0,2.84842358604092,,100.0,33.65468110709987,,100.0,1,0.0,0.0,0.0,2.1264019253910904,,100.0,2.84842358604092,,100.0,33.65468110709987,,100.0,0,,,,,,,,,,,,,-30.53435114503817,,31.167014722962687,,observation
industry_l2,l2_name,专业工程,1,0.0,0.0,0.0,3.872997250229164,,100.0,3.689679193400557,,100.0,5.247882676443632,,100.0,1,0.0,0.0,0.0,3.872997250229164,,100.0,3.689679193400557,,100.0,5.247882676443632,,100.0,0,,,,,,,,,,,,,-30.53435114503817,,2.760216292306452,,observation
industry_l2,l2_name,基础建设,4,0.0,0.0,0.0,4.81609580867515,0.8970609763417023,50.0,5.9086748638316475,0.9661478485004515,75.0,-0.05214031109151271,-0.3311389764689191,50.0,4,0.0,0.0,0.0,4.81609580867515,0.8970609763417023,50.0,5.9086748638316475,0.9661478485004515,75.0,-0.05214031109151271,-0.3311389764689191,50.0,0,,,,,,,,,,,,,-30.53435114503817,,-2.539806695228693,,observation
industry_l2,l2_name,房屋建设,1,0.0,0.0,0.0,0.8203921568627638,,100.0,4.938039215686279,,100.0,3.761568627450989,,100.0,1,0.0,0.0,0.0,0.8203921568627638,,100.0,4.938039215686279,,100.0,3.761568627450989,,100.0,0,,,,,,,,,,,,,-30.53435114503817,,1.2739022433138087,,observation
industry_l2,l2_name,白色家电,1,0.0,0.0,0.0,2.1264019253910904,,100.0,2.84842358604092,,100.0,33.65468110709987,,100.0,1,0.0,0.0,0.0,2.1264019253910904,,100.0,2.84842358604092,,100.0,33.65468110709987,,100.0,0,,,,,,,,,,,,,-30.53435114503817,,31.167014722962687,,observation
industry_l2,l2_name,运输设备,2,0.0,0.0,0.0,4.942276286076912,,100.0,3.990389820171763,,100.0,11.891459559247723,,100.0,2,0.0,0.0,0.0,4.942276286076912,,100.0,3.990389820171763,,100.0,11.891459559247723,,100.0,0,,,,,,,,,,,,,-30.53435114503817,,9.403793175110543,,observation
industry_l2,l2_name,金属非金属新材料,1,0.0,100.0,0.0,1.4201354401805857,,100.0,-9.189345372460473,,0.0,-0.4986004514672636,,0.0,1,0.0,100.0,0.0,1.4201354401805857,,100.0,-9.189345372460473,,0.0,-0.4986004514672636,,0.0,0,,,,,,,,,,,,,-30.53435114503817,,-2.986266835604444,,observation
