trade_date,ts_code,name,tier,portfolio_selected,portfolio_rank_in_cohort,pct_5d,pct_20d,market_med_20d,avg_amount_5d,avg_amount_20d,amount_ratio,is_breakout,final_score,entry_date,ret_5d_exit_date,ret_5d_status,entry_unbuyable_reason,ret_5d_t1,ret_5d_t1_net,ret_5d_csi1000,ret_5d_net_excess_csi1000,ret_5d_csi300,ret_5d_net_excess_csi300
20240131,002423.SZ,中粮资本,Tier2,True,1.0,19.50585175552664,36.95976154992549,-12.393694188119264,1313076890.1999998,408752692.0,3.2123993698370548,True,57.5,20240201,20240207,ok,,-14.022988505747126,-14.182988505747126,0.9299464517638079,-15.112934957510934,4.414821374078581,-18.597809879825707
20240229,002009.SZ,天奇股份,Tier2,True,1.0,27.059925093632977,18.722659667541564,2.941176470588247,516437146.2,198120999.4,2.6066754547170934,True,75.0,20240301,20240307,ok,,10.082150858849893,9.922150858849893,-0.9609055021536528,10.883056361003545,0.4170854956135006,9.505065363236392
20240229,000628.SZ,高新发展,Tier2,True,2.0,22.04034391534393,57.07597361140668,2.941176470588247,4386329092.999999,2171356817.6,2.020086729848578,True,55.0,20240301,20240307,ok,,15.989159891598902,15.829159891598902,-0.9609055021536528,16.790065393752556,0.4170854956135006,15.412074395985401
20240229,600640.SH,国脉文化,Tier2,True,3.0,19.799857040743408,55.90697674418605,2.941176470588247,696584078.4,319250039.1999999,2.181938897002335,True,62.5,20240301,20240307,ok,,-5.063291139240511,-5.223291139240511,-0.9609055021536528,-4.262385637086858,0.4170854956135006,-5.640376634854012
20240229,601127.SH,赛力斯,Tier2,True,4.0,16.929534469600615,41.43076923076925,2.941176470588247,7951762866.400001,4721151941.2,1.6842844639265855,True,62.5,20240301,20240307,ok,,3.215053763440845,3.055053763440845,-0.9609055021536528,4.015959265594498,0.4170854956135006,2.637968267827344
20240229,600571.SH,信雅达,Tier2,True,5.0,16.05734767025091,35.25480367585632,2.941176470588247,1904382511.9999995,672476715.65,2.831893607140388,True,62.5,20240301,20240307,ok,,-14.094387755102034,-14.254387755102034,-0.9609055021536528,-13.293482252948381,0.4170854956135006,-14.671473250715534
20240229,603516.SH,淳中科技,Tier2,True,6.0,15.75875486381324,31.78294573643412,2.941176470588247,470087790.8,195383232.95,2.405978157400533,True,67.5,20240301,20240307,ok,,-0.7500000000000062,-0.9100000000000062,-0.9609055021536528,0.05090550215364653,0.4170854956135006,-1.327085495613507
20240229,002673.SZ,西部证券,Tier2,True,7.0,14.020028612303292,27.113237639553446,2.941176470588247,2779103961.4,1023215487.25,2.7160495477537547,True,75.0,20240301,20240307,ok,,-9.746835443037972,-9.906835443037972,-0.9609055021536528,-8.94592994088432,0.4170854956135006,-10.323920938651472
20240229,603220.SH,中贝通信,Tier2,True,8.0,13.328845506563455,17.645003494060106,2.941176470588247,2038237965.2,1172011386.6999998,1.739093995442323,True,55.0,20240301,20240307,ok,,-1.0885554574874945,-1.2485554574874944,-0.9609055021536528,-0.28764995533384163,0.4170854956135006,-1.665640953100995
20240229,002902.SZ,铭普光磁,Tier2,True,9.0,12.029384756657468,17.195004803073964,2.941176470588247,777062183.0,443583214.4,1.7517844629244386,True,67.5,20240301,20240307,ok,,-2.650103519668723,-2.810103519668723,-0.9609055021536528,-1.8491980175150702,0.4170854956135006,-3.2271890152822236
20240229,002281.SZ,光迅科技,Tier2,True,10.0,6.265486725663716,13.626040878122623,2.941176470588247,1870244775.2,1159406081.9,1.6131058861922638,True,57.5,20240301,20240307,ok,,16.820580474934044,16.660580474934044,-0.9609055021536528,17.621485977087698,0.4170854956135006,16.243494979320545
20240329,603810.SH,丰山集团,Tier2,True,1.0,25.809435707678062,35.05461767626612,0.4229323308270638,315976109.1999999,159053237.54999998,1.9866059570190746,True,60.64,20240401,20240409,ok,,3.3033033033033066,3.1433033033033064,0.1340947188392505,3.009208584464056,-0.5094744411750063,3.6527777444783127
20240329,002130.SZ,沃尔核材,Tier2,True,2.0,13.7418755803157,74.7503566333809,0.4229323308270638,3372115473.8,1066219699.65,3.1626835209543955,True,75.0,20240401,20240409,ok,,-19.91836734693877,-20.07836734693877,0.1340947188392505,-20.21246206577802,-0.5094744411750063,-19.568892905763764
20240329,603626.SH,科森科技,Tier2,True,3.0,11.111111111111116,26.644736842105267,0.4229323308270638,565215744.4,197181852.95,2.866469383180629,True,63.9,20240401,20240409,ok,,-0.12771392081737387,-0.2877139208173739,0.1340947188392505,-0.4218086396566244,-0.5094744411750063,0.22176052035763238
20240329,603373.SH,安邦护卫,Tier2,True,4.0,7.89915966386554,37.130651477394096,0.4229323308270638,527659264.8,267027422.15,1.9760489786086188,True,60.64,20240401,20240409,ok,,1.8523489932885884,1.6923489932885885,0.1340947188392505,1.558254274449338,-0.5094744411750063,2.201823434463595
20240430,600727.SH,鲁北化工,Tier2,True,1.0,35.41666666666667,35.65217391304347,-0.6575783398862667,522090231.4,190172423.40000004,2.7453519393916492,True,56.98,20240506,20240510,ok,,8.678756476683947,8.518756476683947,0.2753770333971062,8.243379443286841,0.33465894062434387,8.184097536059603
20240628,002600.SZ,领益智造,Tier2,True,1.0,28.51985559566788,44.421906693711975,-5.922784775958906,2320700143.0,1332952863.4499998,1.7410219120528199,True,71.4,20240701,20240705,ok,,-6.000000000000005,-6.1600000000000055,-1.7113961968219793,-4.448603803178026,-0.7866115237716409,-5.373388476228365
20240731,002232.SZ,启明信息,Tier2,True,1.0,41.67137210615471,108.04311774461026,1.4255967496190958,1276295562.8,540497711.8000001,2.361333887149307,True,55.51,20240801,20240807,ok,,-21.719999999999995,-21.879999999999995,-3.0930482923051006,-18.786951707694897,-2.952267664306507,-18.927732335693488
20240731,000712.SZ,锦龙股份,Tier2,True,2.0,28.961748633879797,54.04699738903396,1.4255967496190958,855373477.9999999,404595921.65,2.1141426105128907,True,66.0,20240801,,pending_no_entry_limit_up,limit_up:stk_limit,,,,,,
20240731,600676.SH,交运股份,Tier2,True,3.0,25.87601078167117,66.78571428571429,1.4255967496190958,412820693.6,202236259.6,2.041279315670255,True,60.0,20240801,20240807,ok,,-19.444444444444443,-19.604444444444443,-3.0930482923051006,-16.51139615213934,-2.952267664306507,-16.652176780137935
20240731,600635.SH,大众公用,Tier2,True,4.0,20.80745341614907,45.149253731343286,1.4255967496190958,555704529.6,187724488.05,2.960213317785101,True,60.0,20240801,20240807,ok,,-8.378378378378393,-8.538378378378393,-3.0930482923051006,-5.445330086073293,-2.952267664306507,-5.586110714071886
20240731,002829.SZ,星网宇达,Tier2,True,5.0,12.764739553520332,60.03249390739236,1.4255967496190958,764944480.8000001,502714558.45,1.5216278660369877,True,57.4,20240801,20240807,ok,,15.192507804370447,15.032507804370447,-3.0930482923051006,18.125556096675545,-2.952267664306507,17.984775468676954
20240731,600841.SH,动力新科,Tier2,True,6.0,9.19037199124726,53.53846153846153,1.4255967496190958,416970192.2,223857374.7,1.862660065404582,True,61.9,20240801,20240807,ok,,-13.469387755102048,-13.629387755102048,-3.0930482923051006,-10.536339462796947,-2.952267664306507,-10.67712009079554
20240830,000062.SZ,深圳华强,Tier2,True,1.0,38.18960899839314,205.3254437869823,-1.387948544346651,2431197684.9999995,760753658.5500001,3.1957752127460988,True,69.4,20240902,20240906,ok,,48.392857142857146,48.23285714285715,-2.570761266160715,50.803618409017865,-2.303749199708116,50.536606342565264
20240830,002302.SZ,西部建设,Tier2,True,2.0,27.580372250423004,48.4251968503937,-1.387948544346651,703712082.0,204360426.10000005,3.4434850985075327,True,59.4,20240902,20240906,ok,,-16.84782608695652,-17.00782608695652,-2.570761266160715,-14.437064820795804,-2.303749199708116,-14.704076887248403
20240830,603666.SH,亿嘉和,Tier2,True,3.0,21.26034373010821,37.44588744588746,-1.387948544346651,423654128.6000001,190606149.7,2.222667680275796,True,55.0,20240902,20240906,ok,,-12.362637362637363,-12.522637362637363,-2.570761266160715,-9.95187609647665,-2.303749199708116,-10.218888162929247
20240930,600643.SH,爱建集团,Tier2,True,1.0,38.08463251670378,55.38847117794485,21.71256635307721,508314552.0,151356752.55000004,3.358387012380439,True,71.4,20241008,,pending_no_entry_limit_up,limit_up:stk_limit,,,,,,
20240930,002583.SZ,海能达,Tier2,True,2.0,27.290076335877856,68.01007556675063,21.71256635307721,1905729469.4000003,568221892.05,3.3538473192657423,True,71.1,20241008,,pending_no_entry_limit_up,limit_up:stk_limit,,,,,,
20240930,600463.SH,空港股份,Tier2,True,3.0,26.117886178861795,55.125,21.71256635307721,307934760.6,162740389.14999998,1.8921840005935617,True,75.0,20241008,20241014,ok,,-19.8218262806236,-19.9818262806236,-12.759706098059798,-7.222120182563803,-10.98842061919606,-8.993405661427541
20240930,002383.SZ,合众思壮,Tier2,True,4.0,25.64516129032257,38.12056737588654,21.71256635307721,451867293.2,279577286.1,1.6162518046561722,True,62.69,20241008,20241014,ok,,-11.91588785046729,-12.07588785046729,-12.759706098059798,0.6838182475925088,-10.98842061919606,-1.08746723127123
20240930,000158.SZ,常山北明,Tier2,True,5.0,20.12750455373404,69.31964056482668,21.71256635307721,6482567549.0,3144423801.85,2.061607454181598,True,65.45,20241008,,pending_no_entry_limit_up,limit_up:stk_limit,,,,,,
20240930,600490.SH,鹏欣资源,Tier2,True,6.0,15.901060070671358,51.15207373271888,21.71256635307721,507530272.00000006,247152987.2,2.053506525451375,True,66.0,20241008,20241014,ok,,-18.384401114206128,-18.544401114206128,-12.759706098059798,-5.78469501614633,-10.98842061919606,-7.555980495010068
20240930,000566.SZ,海南海药,Tier2,True,7.0,15.200000000000014,41.6393442622951,21.71256635307721,541092240.4,339573777.05,1.5934453039945062,True,66.0,20241008,,pending_no_entry_limit_up,limit_up:stk_limit,,,,,,
20240930,603988.SH,中电电机,Tier2,True,8.0,11.111111111111116,42.85714285714286,21.71256635307721,551146777.2,350097849.9499999,1.5742649584358013,True,67.4,20241008,20241014,ok,,-13.536076326774005,-13.696076326774005,-12.759706098059798,-0.9363702287142068,-10.98842061919606,-2.7076557075779455
20241031,002628.SZ,成都路桥,Tier2,True,1.0,44.40366972477064,229.2887029288703,10.503282275711156,1276210375.4,552108826.4,2.3115196033388394,True,56.0,20241101,20241107,ok,,-29.638554216867476,-29.798554216867476,4.968661517093054,-34.767215733960526,6.780171396063306,-36.57872561293078
20241031,600246.SH,万通发展,Tier2,True,2.0,41.15347018572824,97.8082191780822,10.503282275711156,1680284104.4,951493651.7,1.7659435787069055,True,65.0,20241101,20241107,ok,,-12.916666666666677,-13.076666666666677,4.968661517093054,-18.04532818375973,6.780171396063306,-19.856838062729985
20241031,002243.SZ,力合科创,Tier2,True,3.0,36.46907216494846,61.67938931297709,10.503282275711156,873457561.2,320537646.8,2.72497651966914,True,51.11,20241101,20241107,ok,,-10.09708737864079,-10.25708737864079,4.968661517093054,-15.225748895733844,6.780171396063306,-17.037258774704096
20241031,600198.SH,大唐电信,Tier2,True,4.0,36.36363636363635,117.74193548387096,10.503282275711156,2420903523.9999995,1291749855.9,1.8741271871970018,True,60.0,20241101,20241107,ok,,-23.32904884318766,-23.48904884318766,4.968661517093054,-28.457710360280714,6.780171396063306,-30.269220239250966
20241031,000058.SZ,深赛格,Tier2,True,5.0,35.46798029556653,62.72189349112427,10.503282275711156,793427699.5999999,362464439.65,2.1889808014439796,True,75.0,20241101,20241107,ok,,-9.763033175355474,-9.923033175355474,4.968661517093054,-14.891694692448528,6.780171396063306,-16.70320457141878
20241031,002685.SZ,华东重机,Tier2,True,6.0,35.30961791831358,192.5925925925926,10.503282275711156,1784561039.4,960513213.7,1.8579245073846296,True,52.14,20241101,20241107,ok,,-25.32532532532533,-25.48532532532533,4.968661517093054,-30.453986842418384,6.780171396063306,-32.26549672138864
20241031,002212.SZ,天融信,Tier2,True,7.0,31.8864774624374,52.21579961464353,10.503282275711156,827038108.8000001,498850970.2000001,1.657886138756877,True,73.27,20241101,20241107,ok,,-6.1277705345501925,-6.287770534550193,4.968661517093054,-11.256432051643246,6.780171396063306,-13.067941930613499
20241031,600353.SH,旭光电子,Tier2,True,8.0,30.82901554404145,76.26527050610818,10.503282275711156,918506057.4,416604966.05,2.204741019073121,True,71.4,20241101,20241107,ok,,-11.122448979591837,-11.282448979591837,4.968661517093054,-16.25111049668489,6.780171396063306,-18.062620375655143
20241031,000592.SZ,平潭发展,Tier2,True,9.0,30.8080808080808,50.58139534883721,10.503282275711156,586878284.2,264457282.3,2.219179895882943,True,52.5,20241101,20241107,ok,,4.800000000000004,4.640000000000004,4.968661517093054,-0.3286615170930496,6.780171396063306,-2.1401713960633018
20241031,000045.SZ,深纺织Ａ,Tier2,True,10.0,30.245746691871457,56.41316685584561,10.503282275711156,758999894.4000001,298116072.95,2.5459878324886547,True,75.0,20241101,20241107,ok,,-9.844961240310068,-10.004961240310069,4.968661517093054,-14.973622757403122,6.780171396063306,-16.785132636373376
20241031,600622.SH,光大嘉宝,Tier2,True,11.0,28.23834196891193,103.70370370370368,10.503282275711156,1316092050.8,837102782.9499999,1.5721988716391713,True,75.0,20241101,20241107,ok,,20.399999999999995,20.239999999999995,4.968661517093054,15.271338482906941,6.780171396063306,13.459828603936689
20241031,603985.SH,恒润股份,Tier2,True,12.0,20.78651685393258,38.32720588235294,10.503282275711156,720312505.6,310905806.54999995,2.316819082901751,True,54.97,20241101,20241107,ok,,-4.329896907216502,-4.489896907216502,4.968661517093054,-9.458558424309555,6.780171396063306,-11.270068303279807
20241031,600769.SH,祥龙电业,Tier2,True,13.0,20.725883476599805,51.19617224880384,10.503282275711156,400606683.2000001,210679440.25,1.9014987068725142,True,51.03,20241101,20241107,ok,,-12.844702467343971,-13.004702467343972,4.968661517093054,-17.973363984437025,6.780171396063306,-19.784873863407277
20241031,603063.SH,禾望电气,Tier2,True,14.0,20.696452036793687,38.01652892561984,10.503282275711156,879201190.8,433995364.25,2.0258308342057365,True,51.27,20241101,20241107,ok,,11.359999999999992,11.199999999999992,4.968661517093054,6.2313384829069385,6.780171396063306,4.419828603936686
20241031,600770.SH,综艺股份,Tier2,True,15.0,20.15503875968992,114.53287197231832,10.503282275711156,816899580.8000001,424244696.3,1.9255386995394244,True,63.9,20241101,20241107,ok,,-11.60862354892206,-11.76862354892206,4.968661517093054,-16.73728506601511,6.780171396063306,-18.548794944985367
20241031,002377.SZ,国创高新,Tier2,True,16.0,20.0,75.38461538461539,10.503282275711156,350119668.00000006,222585547.80000007,1.5729667602435415,True,66.56,20241101,20241107,ok,,-4.7761194029850795,-4.93611940298508,4.968661517093054,-9.904780920078133,6.780171396063306,-11.716290799048386
20241031,600724.SH,宁波富达,Tier2,True,17.0,16.910229645093942,43.22250639386187,10.503282275711156,445983826.8,193425958.8,2.305708238784752,True,65.74,20241101,20241107,ok,,-0.727272727272732,-0.887272727272732,4.968661517093054,-5.855934244365786,6.780171396063306,-7.667444123336038
20241031,600825.SH,新华传媒,Tier2,True,18.0,16.72185430463575,52.26781857451404,10.503282275711156,817137587.6,465008311.25,1.7572537260752026,True,51.02,20241101,20241107,ok,,2.7737226277372296,2.6137226277372294,4.968661517093054,-2.3549388893558243,6.780171396063306,-4.1664487683260765
20241031,600589.SH,大位科技,Tier2,True,19.0,16.455696202531623,49.8371335504886,10.503282275711156,371927810.8,190566780.1,1.9516927903427383,True,56.28,20241101,20241107,ok,,-4.148471615720539,-4.308471615720539,4.968661517093054,-9.277133132813592,6.780171396063306,-11.088643011783844
20241031,600732.SH,爱旭股份,Tier2,True,20.0,15.329125338142456,36.64529914529915,10.503282275711156,1634034396.4,857454266.9499998,1.9056811067164292,True,71.97,20241101,20241107,ok,,0.6274509803921635,0.4674509803921635,4.968661517093054,-4.50121053670089,6.780171396063306,-6.3127204156711425
20241031,600807.SH,济高发展,Tier2,False,21.0,15.044247787610644,74.49664429530203,10.503282275711156,742291724.8,339067911.95,2.189212540139925,True,65.0,20241101,20241107,ok,,-11.70634920634921,-11.86634920634921,4.968661517093054,-16.835010723442263,6.780171396063306,-18.646520602412515
20241031,601865.SH,福莱特,Tier2,False,22.0,13.591465823785075,56.420021762785645,10.503282275711156,1834720514.4000003,976277334.7000002,1.8793025805149832,True,66.18,20241101,20241107,ok,,-13.450704225352117,-13.610704225352118,4.968661517093054,-18.57936574244517,6.780171396063306,-20.390875621415425
20241031,603106.SH,恒银科技,Tier2,False,23.0,13.171140939597326,74.96757457846952,10.503282275711156,1209763774.6,748641464.7499999,1.6159454579556136,True,75.0,20241101,20241107,ok,,-17.11999999999999,-17.27999999999999,4.968661517093054,-22.248661517093044,6.780171396063306,-24.060171396063296
20241031,000006.SZ,深振业Ａ,Tier2,False,24.0,11.451247165532871,91.61793372319688,10.503282275711156,1329020363.9999998,760042794.45,1.7486125435367579,True,58.5,20241101,20241107,ok,,-6.099999999999994,-6.2599999999999945,4.968661517093054,-11.228661517093048,6.780171396063306,-13.0401713960633
20241031,600613.SH,神奇制药,Tier2,False,25.0,11.170928667563928,41.92439862542954,10.503282275711156,416552508.8000001,194598249.29999995,2.1405768566695946,True,52.5,20241101,20241107,ok,,-2.4390243902439046,-2.5990243902439047,4.968661517093054,-7.5676859073369585,6.780171396063306,-9.37919578630721
20241031,603773.SH,沃格光电,Tier2,False,26.0,10.51520270270272,48.271954674220986,10.503282275711156,656354414.2,415144179.8,1.5810276191664436,True,61.9,20241101,20241107,ok,,0.0764525993883769,-0.08354740061162311,4.968661517093054,-5.052208917704677,6.780171396063306,-6.863718796674929
20241031,600984.SH,建设机械,Tier2,False,27.0,9.329446064139946,41.50943396226416,10.503282275711156,288776223.6,175728682.49999997,1.6433072819515395,True,72.9,20241101,20241107,ok,,8.108108108108114,7.948108108108114,4.968661517093054,2.9794465910150603,6.780171396063306,1.167936712044808
20241031,002506.SZ,协鑫集成,Tier2,False,28.0,8.000000000000007,28.57142857142858,10.503282275711156,668070702.4000001,378835105.9,1.7634867835515455,True,51.01,20241101,,pending_no_entry_limit_up,limit_up:stk_limit,,,,,,
20241031,002129.SZ,TCL中环,Tier2,False,29.0,7.010135135135132,34.50106157112527,10.503282275711156,3569332446.4,2274059459.2,1.5695862445283948,True,64.93,20241101,20241107,ok,,-7.29751403368083,-7.45751403368083,4.968661517093054,-12.426175550773884,6.780171396063306,-14.237685429744136
20241031,000676.SZ,智度股份,Tier2,False,30.0,6.751824817518237,64.3258426966292,10.503282275711156,2911454684.4,1920585031.4,1.5159207412325353,True,51.17,20241101,20241107,ok,,-4.140969162995589,-4.300969162995589,4.968661517093054,-9.269630680088643,6.780171396063306,-11.081140559058895
20241031,600666.SH,奥瑞德,Tier2,False,31.0,6.249999999999978,52.56410256410256,10.503282275711156,650334223.9999999,343897092.3,1.8910721799086285,True,52.5,20241101,20241107,ok,,8.05084745762712,7.890847457627119,4.968661517093054,2.9221859405340656,6.780171396063306,1.1106760615638134
20241129,603660.SH,苏州科达,Tier2,True,1.0,33.72859025032939,46.2536023054755,1.4863273804208377,860278338.4,383178985.7,2.245108344938134,True,71.4,20241202,20241206,ok,,-10.922587486744428,-11.082587486744428,2.598556399028862,-13.68114388577329,1.6225683030800075,-12.705155789824435
20241129,002582.SZ,好想你,Tier2,True,2.0,33.17460317460319,28.09160305343512,1.4863273804208377,527818133.3999999,296391851.6,1.7808118899041956,True,61.14,20241202,20241206,ok,,-3.1605562579014035,-3.3205562579014036,2.598556399028862,-5.919112656930265,1.6225683030800075,-4.943124560981412
20241129,603803.SH,瑞斯康达,Tier2,True,3.0,32.38213399503722,49.649368863955125,1.4863273804208377,341620487.8,191847815.25,1.780684796200722,True,63.9,20241202,20241206,ok,,-9.166666666666668,-9.326666666666668,2.598556399028862,-11.92522306569553,1.6225683030800075,-10.949234969746676
20241129,002467.SZ,二六三,Tier2,True,4.0,21.70658682634732,101.23762376237626,1.4863273804208377,3572401268.400001,1296060280.7,2.7563542541945294,True,61.9,20241202,20241206,ok,,-5.8746736292428325,-6.034673629242833,2.598556399028862,-8.633230028271694,1.6225683030800075,-7.65724193232284
20241129,603906.SH,龙蟠科技,Tier2,True,5.0,16.201620162016205,35.89473684210527,1.4863273804208377,777800723.8000001,356723216.6,2.1804039871959375,True,65.0,20241202,20241206,ok,,-3.2206119162640934,-3.3806119162640935,2.598556399028862,-5.979168315292956,1.6225683030800075,-5.003180219344101
20241129,002862.SZ,实丰文化,Tier2,True,6.0,14.33801098230627,116.0230547550432,1.4863273804208377,678554353.0,391016774.85,1.7353586767736595,True,51.38,20241202,20241206,ok,,-5.306848502816464,-5.466848502816464,2.598556399028862,-8.065404901845326,1.6225683030800075,-7.089416805896471
20241129,002356.SZ,赫美集团,Tier2,True,7.0,13.76623376623376,31.13772455089821,1.4863273804208377,380006452.0,241307741.45,1.5747793656207212,True,63.9,20241202,20241206,ok,,-1.3729977116704872,-1.5329977116704872,2.598556399028862,-4.131554110699349,1.6225683030800075,-3.1555660147504945
20241129,002878.SZ,元隆雅图,Tier2,True,8.0,11.09579600275672,35.91905564924116,1.4863273804208377,757905486.0,416057924.35,1.8216345408732748,True,51.9,20241202,20241206,ok,,-5.138806851742473,-5.298806851742473,2.598556399028862,-7.897363250771335,1.6225683030800075,-6.9213751548224804
20241129,001229.SZ,魅视科技,Tier2,True,9.0,10.691094619666044,88.0614657210402,1.4863273804208377,719744562.2000002,247824380.05000004,2.9042524470545934,True,63.9,20241202,20241206,ok,,-7.9566420664206605,-8.11664206642066,2.598556399028862,-10.715198465449522,1.6225683030800075,-9.739210369500668
20241231,603958.SH,哈森股份,Tier2,True,1.0,19.797979797979792,37.58700696055684,-4.007873539428186,288720119.40000004,154348745.74999997,1.8705699097007407,True,61.9,20250102,20250108,ok,,-14.678326046221112,-14.838326046221113,-4.822933665185092,-10.01539238103602,-3.626828369744217,-11.211497676476895
20241231,002730.SZ,电光科技,Tier2,True,2.0,15.177065767284992,67.60736196319017,-4.007873539428186,1019151064.2000002,311724491.6,3.26939682849097,True,63.9,20250102,20250108,ok,,26.20016273393002,26.04016273393002,-4.822933665185092,30.863096399115115,-3.626828369744217,29.66699110367424
20250127,600410.SH,华胜天成,Tier2,True,1.0,24.65373961218837,20.32085561497325,-5.087719298245618,2076982813.0,1327169804.55,1.5649714195420812,True,70.0,20250205,20250211,ok,,3.6876355748373113,3.527635574837311,4.909083495251454,-1.3814479204141428,0.9996983379560787,2.5279372368812325
20250127,000882.SZ,华联股份,Tier2,True,2.0,19.8581560283688,54.337899543379,-5.087719298245618,2102575497.8,1088043295.4,1.9324373457280712,True,75.0,20250205,20250211,ok,,-6.578947368421062,-6.738947368421062,4.909083495251454,-11.648030863672517,0.9996983379560787,-7.738645706377141
20250127,603211.SH,晋拓股份,Tier2,True,3.0,19.843487982112904,37.0843989769821,-5.087719298245618,570192905.4,214057444.90000007,2.663737790883067,True,75.0,20250205,20250211,ok,,-3.3160621761658016,-3.4760621761658017,4.909083495251454,-8.385145671417256,0.9996983379560787,-4.47576051412188
20250127,605488.SH,福莱新材,Tier2,True,4.0,15.11187607573148,49.35238945958016,-5.087719298245618,497993629.4,298105151.6,1.6705301023050148,True,62.5,20250205,20250211,ok,,12.667660208643806,12.507660208643806,4.909083495251454,7.598576713392352,0.9996983379560787,11.507961870687726
20250127,603598.SH,引力传媒,Tier2,True,5.0,8.455114822546971,14.870093974571596,-5.087719298245618,1142807818.6,654953443.8,1.7448687832977847,True,70.0,20250205,20250211,ok,,13.634110064452166,13.474110064452166,4.909083495251454,8.565026569200711,0.9996983379560787,12.474411726496086
20250228,002580.SZ,圣阳股份,Tier2,True,1.0,28.154506437768223,66.44370122630991,3.4552845528455167,1315133545.1999998,567561816.45,2.317163535464613,True,62.5,20250303,20250307,ok,,-6.666666666666665,-6.826666666666665,3.4448048665198128,-10.271471533186478,1.1364500650076215,-7.963116731674287
20250228,605208.SH,永茂泰,Tier2,True,2.0,20.51835853131749,50.20188425302828,3.4552845528455167,583093423.1999999,240333202.9,2.426187543643808,True,62.5,20250303,20250307,ok,,42.81818181818182,42.65818181818182,3.4448048665198128,39.21337695166201,1.1364500650076215,41.5217317531742
20250228,600126.SH,杭钢股份,Tier2,True,3.0,19.90950226244344,169.30894308943093,3.4552845528455167,6894223084.2,3730258198.8,1.848189245028086,True,70.0,20250303,20250307,ok,,-2.9999999999999916,-3.1599999999999917,3.4448048665198128,-6.604804866519805,1.1364500650076215,-4.296450065007614
20250228,002369.SZ,卓翼科技,Tier2,True,4.0,14.83757682177349,111.30856219709209,3.4552845528455167,3419994761.200001,1516747075.85,2.2548220567911117,True,62.5,20250303,20250307,ok,,6.439393939393967,6.279393939393967,3.4448048665198128,2.834589072874154,1.1364500650076215,5.142943874386345
20250228,001306.SZ,夏厦精密,Tier2,True,5.0,8.574686431014822,38.080046403712295,3.4552845528455167,606917118.4000001,343540509.05,1.766653720338021,True,75.0,20250303,20250307,ok,,3.765470946087679,3.605470946087679,3.4448048665198128,0.16066607956786605,1.1364500650076215,2.4690208810800574
20250331,603011.SH,合锻智能,Tier2,True,1.0,13.523131672597868,50.117647058823536,-0.8797653958944385,1458626804.2,617174111.8,2.363395962844079,True,58.9,20250401,20250408,ok,,-20.379146919431278,-20.53914691943128,-11.407311041011159,-9.13183587842012,-6.217161958882123,-14.321984960549155
20250331,002923.SZ,润都股份,Tier2,True,2.0,10.95166163141994,49.13705583756345,-0.8797653958944385,431738420.00000006,234997828.75,1.8372017405288477,True,63.9,20250401,20250408,ok,,6.828938471940527,6.6689384719405265,-11.407311041011159,18.076249512951684,-6.217161958882123,12.88610043082265
20250331,002655.SZ,共达电声,Tier2,True,3.0,7.527579493835179,29.453124999999996,-0.8797653958944385,1329627925.4,689276175.15,1.9290205774349405,True,61.4,20250401,20250408,ok,,-37.8409090909091,-38.0009090909091,-11.407311041011159,-26.59359804989794,-6.217161958882123,-31.783747132026974
20250430,600744.SH,华银电力,Tier2,True,1.0,14.805194805194798,31.94029850746267,-3.20088185762521,822088166.1999999,470535109.85,1.7471345899396755,True,63.9,20250506,20250512,ok,,25.531914893616992,25.371914893616992,2.905341264322714,22.466573629294277,2.53622486566103,22.835690027955962
20250430,603955.SH,大千生态,Tier2,True,2.0,13.570127504553732,28.02874743326489,-3.20088185762521,376111005.2,245062608.3,1.5347547625036846,True,71.4,20250506,20250512,ok,,24.7588424437299,24.5988424437299,2.905341264322714,21.693501179407185,2.53622486566103,22.06261757806887
20250430,603086.SH,先达股份,Tier2,True,3.0,8.614232209737827,58.75912408759121,-3.20088185762521,1057402565.6,330806247.6,3.1964407361452745,True,51.83,20250506,20250512,ok,,2.4581005586592264,2.2981005586592262,2.905341264322714,-0.6072407056634876,2.53622486566103,-0.23812430700180354
20250430,002196.SZ,方正电机,Tier2,True,4.0,8.35051546391754,16.261061946902664,-3.20088185762521,953282575.4,511691341.15,1.863003140247686,True,67.4,20250506,20250512,ok,,-3.327171903881687,-3.4871719038816873,2.905341264322714,-6.392513168204401,2.53622486566103,-6.0233967695427175
20250530,603011.SH,合锻智能,Tier2,True,1.0,35.72854291417165,108.1632653061224,2.493765586034935,2375127837.4,1498337592.7000003,1.585175362996817,True,52.5,20250603,20250609,ok,,-3.7075180226570636,-3.867518022657064,3.490977910413262,-7.358495933070326,1.350934185173358,-5.218452207830422
20250530,600192.SH,长城电工,Tier2,True,2.0,26.530612244897966,40.48338368580063,2.493765586034935,607472975.1999999,187386182.45,3.241823742057882,True,65.52,20250603,20250609,ok,,-9.64705882352941,-9.80705882352941,3.490977910413262,-13.298036733942672,1.350934185173358,-11.157993008702768
20250530,603518.SH,锦泓集团,Tier2,True,3.0,26.060606060606077,26.36695018226003,2.493765586034935,561491565.1999998,252566196.55,2.2231461409715707,True,65.0,20250603,20250609,ok,,10.402999062792873,10.242999062792872,3.490977910413262,6.75202115237961,1.350934185173358,8.892064877619514
20250530,603693.SH,江苏新能,Tier2,True,4.0,19.809825673534064,27.27272727272725,2.493765586034935,499999465.8,331159131.85,1.5098465290894558,True,63.9,20250603,20250609,ok,,-0.8385744234800874,-0.9985744234800874,3.490977910413262,-4.489552333893349,1.350934185173358,-2.3495086086534456
20250530,601579.SH,会稽山,Tier2,True,5.0,17.67463666197846,68.68279569892472,2.493765586034935,1057697856.8,542930621.1,1.9481271007648455,True,65.65,20250603,20250609,ok,,-11.720000000000008,-11.880000000000008,3.490977910413262,-15.37097791041327,1.350934185173358,-13.230934185173366
20250530,600990.SH,四创电子,Tier2,True,6.0,15.83690987124462,45.02955400322406,2.493765586034935,988842717.2,543150761.7500001,1.8205676707770904,True,73.02,20250603,20250609,ok,,2.3121387283236983,2.152138728323698,3.490977910413262,-1.338839182089564,1.350934185173358,0.8012045431503401
20250530,002973.SZ,侨银股份,Tier2,True,7.0,15.271786022433131,23.81835032437443,2.493765586034935,292996636.79999995,172493369.45000002,1.6985965184298273,True,65.2,20250603,20250609,ok,,13.00000000000001,12.84000000000001,3.490977910413262,9.349022089586748,1.350934185173358,11.489065814826652
20250530,000953.SZ,河化股份,Tier2,True,8.0,11.20107962213226,44.81546572934973,2.493765586034935,758999213.4,458296979.5500001,1.656129643588876,True,73.9,20250603,20250609,ok,,-1.2642225031605725,-1.4242225031605724,3.490977910413262,-4.915200413573834,1.350934185173358,-2.7751566883339303
20250530,002735.SZ,王子新材,Tier2,True,9.0,7.36899563318778,108.36864406779662,2.493765586034935,2480515211.6,1338984454.5,1.8525347350102488,True,52.5,20250603,20250609,ok,,-1.8079096045197751,-1.967909604519775,3.490977910413262,-5.458887514933037,1.350934185173358,-3.3188437896931333
20250630,601606.SH,长城军工,Tier2,True,1.0,43.17397732873338,114.07516580692705,3.4105700438495257,2818504980.2000003,1242212542.35,2.2689393997487683,True,75.0,20250701,20250707,ok,,-5.56287030941408,-5.7228703094140805,-0.48632602533360547,-5.236544284080475,0.7435844914863043,-6.466454800900385
20250630,002189.SZ,中光学,Tier2,True,2.0,38.801261829653,53.23383084577114,3.4105700438495257,962455536.2,410675639.05,2.3435905242064297,True,68.38,20250701,20250707,ok,,-11.996130280554674,-12.156130280554674,-0.48632602533360547,-11.669804255221068,0.7435844914863043,-12.899714772040978
20250731,603367.SH,辰欣药业,Tier2,True,1.0,40.037330844610366,92.1254801536492,3.333333333333344,999261256.4,562868512.0999999,1.7753013979621408,True,71.4,20250801,20250807,ok,,12.248379392698737,12.088379392698737,2.948073251522043,9.140306141176694,1.0992977905688317,10.989081602129906
20250731,600326.SH,西藏天路,Tier2,True,2.0,24.10887880751782,128.52028639618135,3.333333333333344,8471394319.599999,2672715162.6,3.169583664635285,True,75.0,20250801,20250807,ok,,-17.21890277023358,-17.37890277023358,2.948073251522043,-20.326976021755623,1.0992977905688317,-18.478200560802414
20250731,002370.SZ,亚太药业,Tier2,True,3.0,19.538188277087045,68.25000000000001,3.333333333333344,1664034814.6,868856155.7500001,1.915201732286282,True,59.9,20250801,20250807,ok,,3.416149068322971,3.256149068322971,2.948073251522043,0.3080758168009279,1.0992977905688317,2.1568512777541393
20250731,600117.SH,西宁特钢,Tier2,True,4.0,17.36842105263159,91.41630901287552,3.333333333333344,1383156787.4,422429422.75,3.274290835130991,True,73.21,20250801,20250807,ok,,-8.0952380952381,-8.2552380952381,2.948073251522043,-11.203311346760144,1.0992977905688317,-9.354535885806932
20250731,600629.SH,华建集团,Tier2,True,5.0,7.885615251299827,45.61403508771929,3.333333333333344,1194755137.4,570034508.4999999,2.0959347540974362,True,73.02,20250801,20250807,ok,,22.823330515638183,22.663330515638183,2.948073251522043,19.71525726411614,1.0992977905688317,21.564032725069353
20250829,605188.SH,国光连锁,Tier2,True,1.0,29.949604031677456,67.12962962962963,5.831533477321815,625703478.2,383409573.05,1.6319453716884704,True,63.9,20250901,20250905,ok,,12.721049629207082,12.561049629207082,-3.0680038902473283,15.62905351945441,-1.2520548758593097,13.813104505066391
20250829,002953.SZ,日丰股份,Tier2,True,2.0,18.906942392909908,48.52398523985242,5.831533477321815,1147876430.2,421818682.5499999,2.7212555481440477,True,50.94,20250901,20250905,ok,,-16.55041217501585,-16.71041217501585,-3.0680038902473283,-13.642408284768521,-1.2520548758593097,-15.45835729915654
20250829,603222.SH,济民健康,Tier2,True,3.0,16.48129423660263,65.04297994269339,5.831533477321815,1142872461.9999998,686618452.8000001,1.664494243257541,True,67.4,20250901,20250905,ok,,-7.807017543859651,-7.967017543859651,-3.0680038902473283,-4.8990136536123225,-1.2520548758593097,-6.714962668000341
20250829,002600.SZ,领益智造,Tier2,True,4.0,14.601769911504414,69.83606557377047,5.831533477321815,10795696265.399998,5364981649.7,2.012252225690963,True,63.9,20250901,20250905,ok,,-11.280101394169828,-11.440101394169828,-3.0680038902473283,-8.3720975039225,-1.2520548758593097,-10.188046518310518
20250829,002364.SZ,中恒电气,Tier2,True,5.0,14.285714285714302,60.19127316198445,5.831533477321815,2384540452.0000005,1565315268.85,1.5233611397350426,True,75.0,20250901,20250905,ok,,-6.007462686567166,-6.167462686567166,-3.0680038902473283,-3.099458796319838,-1.2520548758593097,-4.9154078107078565
20250829,603757.SH,大元泵业,Tier2,True,6.0,9.867096254530816,102.97619047619052,5.831533477321815,1447060075.0,884883683.45,1.6353110607240229,True,71.4,20250901,20250905,ok,,-7.592484989347281,-7.752484989347281,-3.0680038902473283,-4.684481099099953,-1.2520548758593097,-6.500430113487972
20250930,603156.SH,养元饮品,Tier2,True,1.0,26.752688172043012,36.498378879110696,2.3211384809203484,666785875.9999999,219994912.70000005,3.0309149780625804,True,65.98,20251009,20251015,ok,,-2.5232403718459584,-2.6832403718459585,-1.8345024554069056,-0.8487379164390529,-1.197426926539935,-1.4858134453060234
20250930,000559.SZ,万向钱潮,Tier2,True,2.0,13.951395139513956,67.01846965699207,2.3211384809203484,3808320352.8,1999808022.3,1.9043429720918967,True,67.5,20251009,20251015,ok,,-5.229793977812969,-5.389793977812969,-1.8345024554069056,-3.5552915224060637,-1.197426926539935,-4.192367051273035
20251031,000592.SZ,平潭发展,Tier2,True,1.0,41.88376753507013,102.86532951289398,2.4783489957619365,2021552605.8,1154230703.95,1.751428547934011,True,73.14,20251103,20251107,ok,,15.58441558441559,15.42441558441559,0.459600115038894,14.964815469376695,0.9071496320803396,14.51726595233525
20251031,000593.SZ,德龙汇能,Tier2,True,2.0,19.82323232323233,41.01040118870727,2.4783489957619365,311496208.6,170788136.45000005,1.8238749779390777,True,63.9,20251103,20251107,ok,,15.52511415525113,15.36511415525113,0.459600115038894,14.905514040212235,0.9071496320803396,14.45796452317079
20251031,603232.SH,格尔软件,Tier2,True,3.0,15.89895988112926,60.383824537354336,2.4783489957619365,1917394161.2,664445860.8,2.8857041247746458,True,65.7,20251103,20251107,ok,,16.74662014827737,16.58662014827737,0.459600115038894,16.127020033238473,0.9071496320803396,15.679470516197028
20251128,000510.SZ,新金路,Tier2,True,1.0,40.59561128526647,52.03389830508476,-2.814223236356728,733251185.7999998,422604474.9500001,1.7350767189267304,True,69.4,20251201,20251205,ok,,10.509554140127397,10.349554140127397,-0.19058893540201405,10.54014307552941,0.9990576067167245,9.350496533410674
20251128,002413.SZ,雷科防务,Tier2,True,2.0,20.25117739403455,37.03041144901611,-2.814223236356728,2245423550.6,836679442.8999999,2.6837321863881067,True,66.41,20251201,,pending_no_entry_limit_up,limit_up:stk_limit,,,,,,
20251128,002638.SZ,勤上股份,Tier2,True,3.0,20.216606498194945,22.878228782287824,-2.814223236356728,344618082.6,206695832.0,1.6672715616249099,True,66.17,20251201,20251205,ok,,-3.915662650602403,-4.0756626506024025,-0.19058893540201405,-3.8850737152003885,0.9990576067167245,-5.074720257319127
20251128,600343.SH,航天动力,Tier2,True,4.0,20.2020202020202,52.4663677130045,-2.814223236356728,2709008700.0,1069467527.7,2.5330443700576883,True,71.4,20251201,20251205,ok,,20.54677488252885,20.38677488252885,-0.19058893540201405,20.577363817930866,0.9990576067167245,19.387717275812125
20251128,000952.SZ,广济药业,Tier2,True,5.0,19.795657726692227,29.91689750692523,-2.814223236356728,607388269.0000001,231927089.49999997,2.6188759161745105,True,67.5,20251201,20251205,ok,,-4.931192660550476,-5.091192660550476,-0.19058893540201405,-4.900603725148462,0.9990576067167245,-6.0902502672672005
20251128,600756.SH,浪潮软件,Tier2,True,6.0,7.569721115537842,43.70195150798344,-2.814223236356728,2429093220.8,1416484466.7500002,1.7148745911583076,True,72.98,20251201,20251205,ok,,-18.902953586497894,-19.062953586497894,-0.19058893540201405,-18.87236465109588,0.9990576067167245,-20.06201119321462
20251128,002264.SZ,新华都,Tier2,True,7.0,6.838565022421528,35.754985754985746,-2.814223236356728,1174840374.6,549176876.2500001,2.1392750230531936,True,66.12,20251201,20251205,ok,,-0.33333333333332993,-0.49333333333332996,-0.19058893540201405,-0.3027443979313159,0.9990576067167245,-1.4923909400500546
20251231,002969.SZ,嘉美包装,Tier2,True,1.0,42.24719101123596,236.70212765957447,2.5613660618996725,678147218.8000001,284989183.3,2.379554237629201,True,69.4,20260105,20260109,pending_missing_future_close,,,,,,,
20251231,002471.SZ,中超控股,Tier2,True,2.0,40.94903339191562,93.25301204819274,2.5613660618996725,2392543921.6,1487321996.1500003,1.608625386966109,True,63.63,20260105,20260109,ok,,7.031250000000022,6.871250000000022,6.409361823277915,0.46188817672210725,2.0873898665183965,4.7838601334816255
20251231,002571.SZ,德力股份,Tier2,True,3.0,22.500000000000007,29.801324503311257,2.5613660618996725,436868240.00000006,228657085.7,1.910582559305312,True,71.4,20260105,20260109,ok,,6.782464846980973,6.622464846980973,6.409361823277915,0.21310302370305845,2.0873898665183965,4.535074980462577
20251231,603123.SH,翠微股份,Tier2,True,4.0,19.814682822523167,51.85185185185184,2.5613660618996725,2480693061.8,1169716943.35,2.1207635538692315,True,75.0,20260105,20260109,ok,,-4.779874213836466,-4.939874213836466,6.409361823277915,-11.34923603711438,2.0873898665183965,-7.027264080354863
20251231,000981.SZ,山子高科,Tier2,True,5.0,17.514124293785315,28.792569659442723,2.5613660618996725,4885988625.8,2573218480.6000004,1.8987849895515785,True,52.5,20260105,20260109,ok,,13.381995133819945,13.221995133819945,6.409361823277915,6.81263331054203,2.0873898665183965,11.134605267301549
20251231,603879.SH,永悦科技,Tier2,True,6.0,16.447368421052634,26.654740608228987,2.5613660618996725,409623412.6,248458307.2500001,1.6486605625459516,True,71.1,20260105,20260109,ok,,6.734992679355778,6.574992679355778,6.409361823277915,0.165630856077863,2.0873898665183965,4.487602812837381
20251231,002163.SZ,海南发展,Tier2,True,7.0,15.280464216634426,74.26900584795322,2.5613660618996725,5857637540.400001,2767709382.85,2.116420740088037,True,75.0,20260105,20260109,ok,,-10.50740907049843,-10.66740907049843,6.409361823277915,-17.076770893776345,2.0873898665183965,-12.754798937016826
